PO_Number,PO_Line_Item,Account_Assignment_Category,Cost_Center_ID,GL_Account,Internal_Order_ID,WBS_Element,Account_Assignment_Amount,Currency_Code,Created_Date,Last_Modified_Date
4500000001,10,F,CC0005,400097,OR000299,PRJ-00232,513719.59,GBP,31-05-2026 22:00,30-06-2026 22:00
4500000002,10,K,CC0066,400044,OR000031,PRJ-00073,197360.7,EUR,31-05-2026 22:00,30-06-2026 22:00
4500000003,10,F,CC0070,400014,OR000239,PRJ-00168,128589.55,USD,31-05-2026 22:00,30-06-2026 22:00
4500000003,20,K,CC0018,400100,OR000339,PRJ-00070,236663.68, USD,31-05-2026 22:00,30-06-2026 22:00
4500000003,20,P,CC0028,400005,OR000150,PRJ-00223,103424.04,USD,31-05-2026 22:00,30-06-2026 22:00
4500000004,10,A,CC0060,400098,OR000261,PRJ-00182,1127406.46,USD,31-05-2026 22:00,30-06-2026 22:00
4500000005,10,K,CC0081,400125,OR000444,PRJ-00153,83570.8,GBP,31-05-2026 22:00,30-06-2026 22:00
4500000005,10,K,CC0048,400051,OR000257,PRJ-00248,45442,GBP,31-05-2026 22:00,30-06-2026 22:00
4500000006,10,A,CC0144,400006,OR000021,PRJ-00064,74560.98,GBP,31-05-2026 22:00,30-06-2026 22:00
4500000007,10,P,CC0086,400126,OR000202,PRJ-00191,416363.54,USD,31-05-2026 22:00,30-06-2026 22:00
4500000007,10,F,CC0005,400089,OR000351,PRJ-00091,37482.03,USD,31-05-2026 22:00,30-06-2026 22:00
4500000008,10,P,CC0078,400061,OR000257,PRJ-00071,1319902.93,EUR,31-05-2026 22:00,30-06-2026 22:00
4500000009,10,K,CC0066,400100,OR000456,PRJ-00209,2714.41,EUR,31-05-2026 22:00,30-06-2026 22:00
4500000009,10,K,CC0143,400072,OR000116,PRJ-00039,516203.43,EUR,31-05-2026 22:00,30-06-2026 22:00
4500000010,10,P,CC0101,400036,OR000045,PRJ-00187,342150.04,INR,31-05-2026 22:00,30-06-2026 22:00
4500000011,10,A,CC0134,400059,OR000214,PRJ-00062,1145073.6,INR,31-05-2026 22:00,30-06-2026 22:00
4500000012,10,F,CC0110,,OR000466,PRJ-00155,78380.4,EUR,31-05-2026 22:00,30-06-2026 22:00
4500000013,10,P,CC0115,400139,OR000068,PRJ-00053,328864.97,USD,31-05-2026 22:00,30-06-2026 22:00
4500000014,10,F,CC0149,400139,OR000351,PRJ-00205,744448.48,EUR,31-05-2026 22:00,30-06-2026 22:00
4500000015,10,F,CC0036,400080,OR000353,PRJ-00181,1000167.84,EUR,31-05-2026 22:00,30-06-2026 22:00
4500000015,10,F,CC0111,400038,OR000336,PRJ-00239,340700.84,EUR,31-05-2026 22:00,30-06-2026 22:00
4500000015,20,F,CC0082,400018,OR000286,PRJ-00137,305003.18,EUR,31-05-2026 22:00,30-06-2026 22:00
4500000015,20,K,CC0048,400082,OR000430,PRJ-00226,31438.38,EUR,31-05-2026 22:00,30-06-2026 22:00
4500000016,10,F,CC0008,400082,OR000451,PRJ-00250,770554.2,GBP,31-05-2026 22:00,30-06-2026 22:00
4500000016,10,A,CC0106,400078,OR000227,PRJ-00191,9912.6,GBP,31-05-2026 22:00,30-06-2026 22:00
4500000017,10,P,CC0039,400049,OR000055,PRJ-00034,162024.75,GBP,31-05-2026 22:00,30-06-2026 22:00
4500000017,10,F,CC0007,400069,OR000311,PRJ-00146,108121.99,GBP,31-05-2026 22:00,30-06-2026 22:00
4500000018,10,F,CC0060,400060,OR000352,PRJ-00007,792801.38,EUR,31-05-2026 22:00,30-06-2026 22:00
4500000018,10,P,CC0021,400123,OR000069,PRJ-00129,282840.16,EUR,31-05-2026 22:00,30-06-2026 22:00
4500000019,10,A,CC0096,400048,OR000437,PRJ-00100,1139655.6,INR,31-05-2026 22:00,30-06-2026 22:00
4500000020,10,A,CC0122,400036,OR000084,PRJ-00050,121381.6,USD,31-05-2026 22:00,30-06-2026 22:00
4500000021,10,F,CC0009,400105,OR000392,PRJ-00249,247059.45,GBP,31-05-2026 22:00,30-06-2026 22:00
4500000022,10,K,CC0070,400106,OR000114,PRJ-00191,71578.32,EUR,31-05-2026 22:00,30-06-2026 22:00
4500000023,10,F,CC0053,400017,OR000091,PRJ-00238,20229.32,INR,31-05-2026 22:00,30-06-2026 22:00
4500000023,10,A,CC0126,400084,OR000444,PRJ-00118,481343.29,INR,31-05-2026 22:00,30-06-2026 22:00
4500000024,10,F,CC0110,400104,OR000398,PRJ-00011,100824.57,INR,31-05-2026 22:00,30-06-2026 22:00
4500000024,10,A,CC0081,400101,OR000314,PRJ-00241,108724.55,INR,31-05-2026 22:00,30-06-2026 22:00
4500000025,10,K,CC0134,400028,OR000232,PRJ-00117,201002.24,INR,31-05-2026 22:00,30-06-2026 22:00
4500000026,10,K,CC0063,400133,OR000276,PRJ-00102,217136.75,GBP,31-05-2026 22:00,30-06-2026 22:00
4500000027,10,K,CC0143,400100,OR000265,PRJ-00196,1347730.78,GBP,31-05-2026 22:00,30-06-2026 22:00
4500000028,10,K,CC0049,400075,OR000226,PRJ-00102,388245.24,INR,31-05-2026 22:00,30-06-2026 22:00
4500000029,10,P,CC0074,400119,OR000086,PRJ-00109,722762.86,GBP,31-05-2026 22:00,30-06-2026 22:00
4500000030,10,P,CC0014,400133,OR000463,PRJ-00037,267493.87,GBP,31-05-2026 22:00,30-06-2026 22:00
4500000030,10,A,CC0116,400024,OR000370,PRJ-00129,36786.48,GBP,31-05-2026 22:00,30-06-2026 22:00
4500000031,10,K,CC0047,400150,OR000481,PRJ-00229,119305.34,GBP,31-05-2026 22:00,30-06-2026 22:00
4500000032,10,F,CC0101,400106,OR000166,PRJ-00116,172214.32,USD,31-05-2026 22:00,30-06-2026 22:00
4500000032,10,K,CC0046,400117,OR000303,PRJ-00230,367068.57,USD,31-05-2026 22:00,30-06-2026 22:00
4500000033,10,F,CC0117,400024,OR000129,PRJ-00083,108106.8,INR,31-05-2026 22:00,30-06-2026 22:00
4500000033,20,F,CC0032,400024,OR000059,PRJ-00181,582563.02,INR,31-05-2026 22:00,30-06-2026 22:00
4500000034,10,A,CC0093,400022,OR000269,PRJ-00182,542487.96,EUR,31-05-2026 22:00,30-06-2026 22:00
4500000035,10,A,CC0131,400041,OR000194,PRJ-00141,24422.76,USD,31-05-2026 22:00,30-06-2026 22:00
4500000036,10,A,CC0012,400044,OR000468,PRJ-00086,97876.8,USD,31-05-2026 22:00,30-06-2026 22:00
4500000037,10,F,CC0042,400038,OR000092,PRJ-00197,53848.96,INR,31-05-2026 22:00,30-06-2026 22:00
4500000037,10,K,CC0108,400079,OR000159,PRJ-00187,239568.05,INR,31-05-2026 22:00,30-06-2026 22:00
4500000038,10,A,CC0074,400047,OR000061,PRJ-00231,44400.6,INR,31-05-2026 22:00,30-06-2026 22:00
4500000039,10,F,CC0052,400001,OR000319,PRJ-00196,963229.95,EUR,31-05-2026 22:00,30-06-2026 22:00
4500000040,10,P,CC0004,400118,OR000255,PRJ-00219,2309.08,EUR,31-05-2026 22:00,30-06-2026 22:00
4500000040,10,A,CC0140,400002,OR000312,PRJ-00226,24485.47,EUR,31-05-2026 22:00,30-06-2026 22:00
4500000041,10,A,CC0061,400056,OR000302,PRJ-00169,163338.64,EUR,31-05-2026 22:00,30-06-2026 22:00
4500000042,10,A,CC0117,400105,OR000227,PRJ-00021,655052.37,EUR,31-05-2026 22:00,30-06-2026 22:00
4500000043,10,K,CC0063,400141,OR000143,PRJ-00159,191498.25,USD,31-05-2026 22:00,30-06-2026 22:00
4500000043,10,F,CC0013,400048,OR000076,PRJ-00015,578224.55,USD,31-05-2026 22:00,30-06-2026 22:00
4500000044,10,P,CC0010,400038,OR000438,PRJ-00009,43527.02,GBP,31-05-2026 22:00,30-06-2026 22:00
4500000044,10,P,CC0085,400023,OR000026,PRJ-00028,106717.62,GBP,31-05-2026 22:00,30-06-2026 22:00
4500000044,20,A,CC0046,400042,OR000345,PRJ-00073,949908.32,GBP,31-05-2026 22:00,30-06-2026 22:00
4500000045,10,F,CC0117,400149,OR000185,PRJ-00239,720590.36,USD,31-05-2026 22:00,30-06-2026 22:00
4500000046,10,K,CC0024,400077,OR000166,PRJ-00095,630763.6,GBP,31-05-2026 22:00,30-06-2026 22:00
4500000047,10,A,CC0018,400110,OR000432,PRJ-00141,911947.52,INR,31-05-2026 22:00,30-06-2026 22:00
4500000048,10,K,CC0075,400121,OR000069,PRJ-00032,1419339.27,USD,31-05-2026 22:00,30-06-2026 22:00
4500000049,10,P,CC0085,400135,OR000212,PRJ-00135,197060.16,EUR,31-05-2026 22:00,30-06-2026 22:00
4500000050,10,F,CC0054,400015,OR000056,PRJ-00147,157497.86,USD,31-05-2026 22:00,30-06-2026 22:00
4500000051,10,K,CC0124,400074,OR000219,PRJ-00156,39551.06,USD,31-05-2026 22:00,30-06-2026 22:00
4500000052,10,P,CC0067,400135,OR000295,PRJ-00160,365827.59,GBP,31-05-2026 22:00,30-06-2026 22:00
4500000052,10,P,CC0034,400145,OR000255,PRJ-00134,45307.41,GBP,31-05-2026 22:00,30-06-2026 22:00
4500000053,10,A,CC0127,400047,OR000453,PRJ-00157,243096.3,INR,31-05-2026 22:00,30-06-2026 22:00
4500000053,20,F,CC0075,400050,OR000001,PRJ-00031,52588.86,INR,31-05-2026 22:00,30-06-2026 22:00
4500000053,20,K,CC0120,400031,OR000378,PRJ-00218,1289121.87,INR,31-05-2026 22:00,30-06-2026 22:00
4500000054,10,F,CC0107,400106,OR000024,PRJ-00086,107019.45,EUR,31-05-2026 22:00,30-06-2026 22:00
4500000055,10,P,CC0144,400055,OR000006,PRJ-00164,93916.27,USD,31-05-2026 22:00,30-06-2026 22:00
4500000055,10,F,CC0073,400066,OR000405,PRJ-00018,3141.01,USD,31-05-2026 22:00,30-06-2026 22:00
4500000056,10,P,CC0077,400130,OR000282,PRJ-00083,165038.77,USD,31-05-2026 22:00,30-06-2026 22:00
4500000056,10,K,CC0030,400086,OR000175,PRJ-00102,184320.9,USD,31-05-2026 22:00,30-06-2026 22:00
4500000057,10,K,CC0045,400050,OR000170,PRJ-00214,382501.57,USD,31-05-2026 22:00,30-06-2026 22:00
4500000058,10,P,CC0123,400122,OR000409,PRJ-00010,27394.2,INR,31-05-2026 22:00,30-06-2026 22:00
4500000059,10,F,CC0124,400040,OR000322,PRJ-00118,459035.23,GBP,31-05-2026 22:00,30-06-2026 22:00
4500000059,10,P,CC0119,400106,OR000476,PRJ-00191,97291.31,GBP,31-05-2026 22:00,30-06-2026 22:00
4500000059,20,K,CC0134,400077,OR000290,PRJ-00186,79883.74,GBP,31-05-2026 22:00,30-06-2026 22:00
4500000060,10,P,CC0143,400138,OR000010,PRJ-00054,62778.5,USD,31-05-2026 22:00,30-06-2026 22:00
4500000060,20,P,CC0091,400017,OR000497,PRJ-00039,582158.29,USD,31-05-2026 22:00,30-06-2026 22:00
4500000060,20,P,CC0008,400087,OR000193,PRJ-00161,240952.01,USD,31-05-2026 22:00,30-06-2026 22:00
4500000061,10,F,CC0147,400100,OR000096,PRJ-00153,969441.68,INR,31-05-2026 22:00,30-06-2026 22:00
4500000061,20,K,CC0079,400081,OR000364,PRJ-00009,16741.56,INR,31-05-2026 22:00,30-06-2026 22:00
4500000062,10,P,CC0106,400023,OR000255,PRJ-00225,473931.62,GBP,31-05-2026 22:00,30-06-2026 22:00
4500000063,10,F,CC0096,400116,OR000425,PRJ-00244,931515.54,GBP,31-05-2026 22:00,30-06-2026 22:00
4500000064,10,P,CC0056,400135,OR000155,PRJ-00045,514437.56,USD,31-05-2026 22:00,30-06-2026 22:00
4500000065,10,K,CC0096,400010,OR000399,PRJ-00052,51782.08,EUR,31-05-2026 22:00,30-06-2026 22:00
4500000065,10,K,CC0114,400130,OR000013,PRJ-00205,108011.4,EUR,31-05-2026 22:00,30-06-2026 22:00
4500000066,10,A,CC0129,400040,OR000098,PRJ-00088,313.28,EUR,31-05-2026 22:00,30-06-2026 22:00
4500000066,10,A,CC0135,400080,OR000398,PRJ-00084,12893.68,EUR,31-05-2026 22:00,30-06-2026 22:00
4500000067,10,F,CC0026,400133,OR000347,PRJ-00034,607576.41,EUR,31-05-2026 22:00,30-06-2026 22:00
4500000068,10,F,CC0010,400118,OR000199,PRJ-00183,133405.71,INR,31-05-2026 22:00,30-06-2026 22:00
4500000068,10,K,CC0002,400080,OR000478,PRJ-00012,62623.94,INR,31-05-2026 22:00,30-06-2026 22:00
4500000069,10,K,CC0086,400120,OR000456,PRJ-00012,411097.01,GBP,31-05-2026 22:00,30-06-2026 22:00
4500000069,10,K,CC0134,400080,OR000012,PRJ-00148,842211.39,GBP,31-05-2026 22:00,30-06-2026 22:00
4500000069,20,P,CC0054,400083,OR000103,PRJ-00050,187199.47,GBP,31-05-2026 22:00,30-06-2026 22:00
4500000069,20,P,CC0071,400137,OR000164,PRJ-00198,69792.53,GBP,31-05-2026 22:00,30-06-2026 22:00
4500000070,10,A,CC0031,400070,OR000077,PRJ-00041,301682,INR,31-05-2026 22:00,30-06-2026 22:00
4500000070,10,P,CC0030,400004,OR000491,PRJ-00160,444094,INR,31-05-2026 22:00,30-06-2026 22:00
4500000071,10,K,CC0053,400139,OR000180,PRJ-00141,382793.24,EUR,31-05-2026 22:00,30-06-2026 22:00
4500000071,10,P,CC0070,400037,OR000483,PRJ-00181,876142.43,EUR,31-05-2026 22:00,30-06-2026 22:00
4500000072,10,P,CC0147,400063,OR000088,PRJ-00019,298953.41,USD,31-05-2026 22:00,30-06-2026 22:00
4500000073,10,P,CC0087,400139,OR000228,PRJ-00013,677437.69,USD,31-05-2026 22:00,30-06-2026 22:00
4500000074,10,F,CC0008,400121,OR000463,PRJ-00173,6268.75,USD,31-05-2026 22:00,30-06-2026 22:00
4500000074,10,K,CC0028,400099,OR000028,PRJ-00023,107034.3,USD,31-05-2026 22:00,30-06-2026 22:00
4500000075,10,A,CC0101,400046,OR000361,PRJ-00153,335874.77,EUR,31-05-2026 22:00,30-06-2026 22:00
4500000076,10,A,CC0092,400080,OR000171,PRJ-00210,45960.26,EUR,31-05-2026 22:00,30-06-2026 22:00
4500000076,10,F,CC0137,400021,OR000499,PRJ-00237,34061.26,EUR,31-05-2026 22:00,30-06-2026 22:00
4500000077,10,A,CC0146,400034,OR000048,PRJ-00209,1271564.58,INR,31-05-2026 22:00,30-06-2026 22:00
4500000078,10,A,CC0025,400117,OR000159,PRJ-00176,332829.92,GBP,31-05-2026 22:00,30-06-2026 22:00
4500000079,10,A,CC0121,400060,OR000486,PRJ-00058,791997.6,EUR,31-05-2026 22:00,30-06-2026 22:00
4500000080,10,F,CC0067,400094,OR000201,PRJ-00047,426378.75,GBP,31-05-2026 22:00,30-06-2026 22:00
4500000081,10,P,CC0084,400117,OR000250,PRJ-00008,50521.71,USD,31-05-2026 22:00,30-06-2026 22:00
4500000082,10,K,CC0122,400029,OR000180,PRJ-00123,25793.1,INR,31-05-2026 22:00,30-06-2026 22:00
4500000082,10,A,CC0044,400073,OR000394,PRJ-00090,5936.43,INR,31-05-2026 22:00,30-06-2026 22:00
4500000083,10,F,CC0131,400027,OR000208,PRJ-00210,239969.97,EUR,31-05-2026 22:00,30-06-2026 22:00
4500000084,10,K,CC0084,400143,OR000333,PRJ-00019,1109968.58,INR,31-05-2026 22:00,30-06-2026 22:00
4500000085,10,P,CC0137,400119,OR000206,PRJ-00152,181018.05,GBP,31-05-2026 22:00,30-06-2026 22:00
4500000086,10,A,CC0062,400063,OR000281,PRJ-00041,5878.67,GBP,31-05-2026 22:00,30-06-2026 22:00
4500000086,10,A,CC0099,400017,OR000175,PRJ-00054,22180.51,GBP,31-05-2026 22:00,30-06-2026 22:00
4500000087,10,A,CC0112,400146,OR000404,PRJ-00088,265032.72,USD,31-05-2026 22:00,30-06-2026 22:00
4500000088,10,F,CC0045,400020,OR000379,PRJ-00239,397458.06,GBP,31-05-2026 22:00,30-06-2026 22:00
4500000089,10,A,CC0030,400119,OR000167,PRJ-00143,645261.87,USD,31-05-2026 22:00,30-06-2026 22:00
4500000089,20,K,CC0114,400046,OR000158,PRJ-00245,207556.2,USD,31-05-2026 22:00,30-06-2026 22:00
4500000090,10,A,CC0018,400028,OR000351,PRJ-00209,1240116.48,INR,31-05-2026 22:00,30-06-2026 22:00
4500000091,10,A,CC0084,400127,OR000331,PRJ-00170,558329.22,USD,31-05-2026 22:00,30-06-2026 22:00
4500000092,10,K,CC0024,400056,OR000419,PRJ-00036,49390.11,INR,31-05-2026 22:00,30-06-2026 22:00
4500000092,10,K,CC0038,400039,OR000232,PRJ-00137,2448.93,INR,31-05-2026 22:00,30-06-2026 22:00
4500000093,10,P,CC0100,400148,OR000229,PRJ-00051,875257.12,USD,31-05-2026 22:00,30-06-2026 22:00
4500000094,10,F,CC0082,400077,OR000292,PRJ-00204,552386.04,USD,31-05-2026 22:00,30-06-2026 22:00
4500000095,10,P,CC0112,400089,OR000046,PRJ-00150,8210.45,INR,31-05-2026 22:00,30-06-2026 22:00
4500000095,10,K,CC0131,400104,OR000434,PRJ-00033,683601.49,INR,31-05-2026 22:00,30-06-2026 22:00
4500000096,10,P,CC0016,400095,OR000462,PRJ-00141,550160.64,INR,31-05-2026 22:00,30-06-2026 22:00
4500000096,20,K,CC0001,400144,OR000421,PRJ-00092,94086.96,INR,31-05-2026 22:00,30-06-2026 22:00
4500000097,10,K,CC0073,400008,OR000121,PRJ-00111,117344.5,INR,31-05-2026 22:00,30-06-2026 22:00
4500000098,10,A,CC0082,400098,OR000208,PRJ-00098,624119.24,INR,31-05-2026 22:00,30-06-2026 22:00
4500000098,10,A,CC0140,400055,OR000340,PRJ-00045,161327.45,INR,31-05-2026 22:00,30-06-2026 22:00
4500000099,10,A,CC0036,400049,OR000285,PRJ-00099,351076.39,INR,31-05-2026 22:00,30-06-2026 22:00
4500000099,10,P,CC0107,400040,OR000148,PRJ-00224,589459.41,INR,31-05-2026 22:00,30-06-2026 22:00
4500000100,10,F,CC0035,400003,OR000037,PRJ-00166,2353.3,EUR,31-05-2026 22:00,30-06-2026 22:00
4500000100,10,K,CC0037,400125,OR000337,PRJ-00112,142328.9,EUR,31-05-2026 22:00,30-06-2026 22:00
4500000101,10,F,CC0022,400036,OR000329,PRJ-00207,196768.49,INR,31-05-2026 22:00,30-06-2026 22:00
4500000101,10,A,CC0117,400109,OR000320,PRJ-00047,27317.83,INR,31-05-2026 22:00,30-06-2026 22:00
4500000101,20,A,CC0131,400109,OR000283,PRJ-00210,778489.05,INR,31-05-2026 22:00,30-06-2026 22:00
4500000102,10,A,CC0099,400091,OR000116,PRJ-00048,263.31,INR,31-05-2026 22:00,30-06-2026 22:00
4500000102,10,A,CC0002,400148,OR000256,PRJ-00217,46259.57,INR,31-05-2026 22:00,30-06-2026 22:00
4500000102,20,F,CC0129,400069,OR000211,PRJ-00238,56741.89,INR,31-05-2026 22:00,30-06-2026 22:00
4500000102,20,P,CC0009,400010,OR000291,PRJ-00124,63266.86,INR,31-05-2026 22:00,30-06-2026 22:00
4500000103,10,P,CC0029,400149,OR000247,PRJ-00247,228308.76,USD,31-05-2026 22:00,30-06-2026 22:00
4500000104,10,K,CC0037,400135,OR000440,PRJ-00193,348140.54,USD,31-05-2026 22:00,30-06-2026 22:00
4500000104,10,P,CC0120,400133,OR000041,PRJ-00134,289152.96,USD,31-05-2026 22:00,30-06-2026 22:00
4500000105,10,K,CC0063,400121,OR000323,PRJ-00190,826391.28,USD,31-05-2026 22:00,30-06-2026 22:00
4500000106,10,K,CC0139,400149,OR000160,PRJ-00157,366098.14,EUR,31-05-2026 22:00,30-06-2026 22:00
4500000106,10,K,CC0088,400137,OR000399,PRJ-00003,366916.22,EUR,31-05-2026 22:00,30-06-2026 22:00
4500000106,20,A,CC0117,400132,OR000464,PRJ-00121,241434.72,EUR,31-05-2026 22:00,30-06-2026 22:00
4500000106,20,P,CC0108,400091,OR000492,PRJ-00205,120987.55,EUR,31-05-2026 22:00,30-06-2026 22:00
4500000107,10,P,CC0075,400043,OR000019,PRJ-00178,353480.55,USD,31-05-2026 22:00,30-06-2026 22:00
4500000108,10,P,CC0145,400067,OR000032,PRJ-00162,622446.35,USD,31-05-2026 22:00,30-06-2026 22:00
4500000109,10,A,CC0149,400044,OR000294,PRJ-00014,1330036.14,GBP,31-05-2026 22:00,30-06-2026 22:00
4500000110,10,P,CC0007,400074,OR000249,PRJ-00022,362947.76,EUR,31-05-2026 22:00,30-06-2026 22:00
4500000110,20,F,CC0130,400020,OR000436,PRJ-00201,72080.89,EUR,31-05-2026 22:00,30-06-2026 22:00
4500000110,20,P,CC0065,400034,OR000316,PRJ-00072,50487.32,EUR,31-05-2026 22:00,30-06-2026 22:00
4500000111,10,P,CC0066,400004,OR000380,PRJ-00029,161013.06,INR,31-05-2026 22:00,30-06-2026 22:00
4500000112,10,F,CC0039,400115,OR000190,PRJ-00207,239539.9,USD,31-05-2026 22:00,30-06-2026 22:00
4500000112,10,F,CC0067,400061,OR000249,PRJ-00047,38677,USD,31-05-2026 22:00,30-06-2026 22:00
4500000113,10,K,CC0088,400022,OR000496,PRJ-00038,246203.55,USD,31-05-2026 22:00,30-06-2026 22:00
4500000114,10,F,CC0127,400106,OR000395,PRJ-00099,148325.16,EUR,31-05-2026 22:00,30-06-2026 22:00
4500000115,10,F,CC0113,400043,OR000108,PRJ-00148,317659.41,GBP,31-05-2026 22:00,30-06-2026 22:00
4500000116,10,P,CC0014,400068,OR000387,PRJ-00210,339109.05,EUR,31-05-2026 22:00,30-06-2026 22:00
4500000117,10,K,CC0014,400043,OR000238,PRJ-00103,538781.54,USD,31-05-2026 22:00,30-06-2026 22:00
4500000118,10,A,CC0078,400122,OR000383,PRJ-00243,154037.86,EUR,31-05-2026 22:00,30-06-2026 22:00
4500000118,10,F,CC0098,400100,OR000243,PRJ-00068,158775.02,EUR,31-05-2026 22:00,30-06-2026 22:00
4500000119,10,F,CC0136,400112,OR000007,PRJ-00074,48460.28,USD,31-05-2026 22:00,30-06-2026 22:00
4500000120,10,A,CC0098,400081,OR000493,PRJ-00136,383203.44,USD,31-05-2026 22:00,30-06-2026 22:00
4500000121,10,K,CC0025,400137,OR000327,PRJ-00091,718536,INR,31-05-2026 22:00,30-06-2026 22:00
4500000122,10,A,CC0070,400086,OR000139,PRJ-00069,274631.12,EUR,31-05-2026 22:00,30-06-2026 22:00
4500000123,10,K,CC0066,400150,OR000201,PRJ-00119,14548.56,GBP,31-05-2026 22:00,30-06-2026 22:00
4500000123,10,F,CC0050,400134,OR000173,PRJ-00174,25405.69,GBP,31-05-2026 22:00,30-06-2026 22:00
4500000123,20,F,CC0081,400141,OR000006,PRJ-00173,1053056.16,GBP,31-05-2026 22:00,30-06-2026 22:00
4500000124,10,K,CC0018,400004,OR000211,PRJ-00026,141196.51,INR,31-05-2026 22:00,30-06-2026 22:00
4500000124,10,K,CC0115,400090,OR000113,PRJ-00186,31014.74,INR,31-05-2026 22:00,30-06-2026 22:00
4500000125,10,P,CC0065,400050,OR000018,PRJ-00007,91152.46,INR,31-05-2026 22:00,30-06-2026 22:00
4500000125,10,K,CC0015,400056,OR000487,PRJ-00154,68772.77,INR,31-05-2026 22:00,30-06-2026 22:00
4500000126,10,K,CC0031,400023,OR000439,PRJ-00155,165226.23,USD,31-05-2026 22:00,30-06-2026 22:00
4500000127,10,F,CC0097,400145,OR000412,PRJ-00248,842542,GBP,31-05-2026 22:00,30-06-2026 22:00
4500000128,10,F,CC0029,400048,OR000130,PRJ-00076,756615.22,EUR,31-05-2026 22:00,30-06-2026 22:00
4500000128,10,A,CC0020,400117,OR000473,PRJ-00071,63488.63,EUR,31-05-2026 22:00,30-06-2026 22:00
4500000129,10,A,CC0083,400066,OR000083,PRJ-00200,368108.07,EUR,31-05-2026 22:00,30-06-2026 22:00
4500000129,10,K,CC0071,400016,OR000196,PRJ-00100,156840.93,EUR,31-05-2026 22:00,30-06-2026 22:00
4500000130,10,P,CC0016,400067,OR000490,PRJ-00209,141754.55,GBP,31-05-2026 22:00,30-06-2026 22:00
4500000130,10,P,CC0046,400113,OR000036,PRJ-00126,64712.1,GBP,31-05-2026 22:00,30-06-2026 22:00
4500000131,10,F,CC0101,400046,OR000331,PRJ-00126,147284.04,EUR,31-05-2026 22:00,30-06-2026 22:00
4500000132,10,K,CC0037,400139,OR000394,PRJ-00111,37503.69,INR,31-05-2026 22:00,30-06-2026 22:00
4500000132,10,F,CC0028,400114,OR000367,PRJ-00067,13647.02,INR,31-05-2026 22:00,30-06-2026 22:00
4500000133,10,K,CC0009,400019,OR000037,PRJ-00147,52084.15,GBP,31-05-2026 22:00,30-06-2026 22:00
4500000133,10,P,CC0115,400005,OR000460,PRJ-00128,118164.33,GBP,31-05-2026 22:00,30-06-2026 22:00
4500000134,10,F,CC0001,400010,OR000341,PRJ-00100,636096.44,GBP,31-05-2026 22:00,30-06-2026 22:00
4500000135,10,P,CC0039,400085,OR000464,PRJ-00101,110580.6,EUR,31-05-2026 22:00,30-06-2026 22:00
4500000135,20,K,CC0132,400126,OR000245,PRJ-00112,1092706.56,EUR,31-05-2026 22:00,30-06-2026 22:00
4500000136,10,A,CC0018,400139,OR000116,PRJ-00001,741039.06,GBP,31-05-2026 22:00,30-06-2026 22:00
4500000136,10,A,CC0124,400032,OR000291,PRJ-00138,268800.9,GBP,31-05-2026 22:00,30-06-2026 22:00
4500000137,10,P,CC0086,400078,OR000206,PRJ-00015,41671.62,INR,31-05-2026 22:00,30-06-2026 22:00
4500000138,10,K,CC0094,400137,OR000437,PRJ-00246,10538.87,GBP,31-05-2026 22:00,30-06-2026 22:00
4500000139,10,P,CC0021,400118,OR000390,PRJ-00197,552668.14,GBP,31-05-2026 22:00,30-06-2026 22:00
4500000139,10,P,CC0052,400046,OR000284,PRJ-00011,8007.39,GBP,31-05-2026 22:00,30-06-2026 22:00
4500000140,10,A,CC0049,400077,OR000357,PRJ-00100,459283.83,USD,31-05-2026 22:00,30-06-2026 22:00
4500000141,10,K,CC0092,400125,OR000044,PRJ-00227,1141907.06,GBP,31-05-2026 22:00,30-06-2026 22:00
4500000142,10,A,CC0049,400036,OR000019,PRJ-00050,22901.42,GBP,31-05-2026 22:00,30-06-2026 22:00
4500000142,10,K,CC0062,400126,OR000200,PRJ-00017,145103.56,GBP,31-05-2026 22:00,30-06-2026 22:00
4500000143,10,P,CC0128,400137,OR000495,PRJ-00214,368629.56,GBP,31-05-2026 22:00,30-06-2026 22:00
4500000143,20,A,CC0005,400010,OR000174,PRJ-00015,79189.31,GBP,31-05-2026 22:00,30-06-2026 22:00
4500000144,10,P,CC0011,400104,OR000061,PRJ-00055,7702.59,EUR,31-05-2026 22:00,30-06-2026 22:00
4500000145,10,A,CC0138,400039,OR000380,PRJ-00149,584546.16,GBP,31-05-2026 22:00,30-06-2026 22:00
4500000146,10,F,CC0019,400010,OR000377,PRJ-00037,529998.54,INR,31-05-2026 22:00,30-06-2026 22:00
4500000146,10,A,CC0005,400121,OR000465,PRJ-00236,367609.38,INR,31-05-2026 22:00,30-06-2026 22:00
4500000147,10,K,CC0063,400034,OR000008,PRJ-00045,4339.79,USD,31-05-2026 22:00,30-06-2026 22:00
4500000148,10,K,CC0079,400025,OR000234,PRJ-00157,141154.48,GBP,31-05-2026 22:00,30-06-2026 22:00
4500000148,10,F,CC0017,400028,OR000059,PRJ-00128,144061.28,GBP,31-05-2026 22:00,30-06-2026 22:00
4500000149,10,F,CC0017,400052,OR000219,PRJ-00087,263857.5,USD,31-05-2026 22:00,30-06-2026 22:00
4500000150,10,A,CC0084,400031,OR000500,PRJ-00176,596368.96,EUR,31-05-2026 22:00,30-06-2026 22:00
4500000151,10,F,CC0083,400055,OR000392,PRJ-00012,41096.44,USD,31-05-2026 22:00,30-06-2026 22:00
4500000152,10,F,CC0086,400017,OR000062,PRJ-00071,276854.76,USD,31-05-2026 22:00,30-06-2026 22:00
4500000153,10,F,CC0107,400044,OR000357,PRJ-00095,1061778.49,INR,31-05-2026 22:00,30-06-2026 22:00
4500000153,20,F,CC0113,400063,OR000474,PRJ-00149,211019.04,INR,31-05-2026 22:00,30-06-2026 22:00
4500000154,10,K,CC0035,400026,OR000406,PRJ-00217,242453.76,USD,31-05-2026 22:00,30-06-2026 22:00
4500000154,10,A,CC0041,400005,OR000451,PRJ-00125,25178.85,USD,31-05-2026 22:00,30-06-2026 22:00
4500000155,10,K,CC0002,400002,OR000092,PRJ-00238,74347.04,EUR,31-05-2026 22:00,30-06-2026 22:00
4500000155,10,K,CC0073,400107,OR000356,PRJ-00207,224510.14,EUR,31-05-2026 22:00,30-06-2026 22:00
4500000156,10,A,CC0033,400053,OR000074,PRJ-00164,510853.27,EUR,31-05-2026 22:00,30-06-2026 22:00
4500000157,10,P,CC0134,400116,OR000211,PRJ-00062,30041.54,INR,31-05-2026 22:00,30-06-2026 22:00
4500000157,20,F,CC0010,400047,OR000368,PRJ-00128,291419.68,INR,31-05-2026 22:00,30-06-2026 22:00
4500000157,20,K,CC0078,400090,OR000215,PRJ-00002,119155.16,INR,31-05-2026 22:00,30-06-2026 22:00
4500000158,10,F,CC0050,400031,OR000272,PRJ-00025,63308.25,GBP,31-05-2026 22:00,30-06-2026 22:00
4500000158,10,P,CC0139,400130,OR000113,PRJ-00119,264515.51,GBP,31-05-2026 22:00,30-06-2026 22:00
4500000159,10,F,CC0071,400014,OR000100,PRJ-00029,422548.66,GBP,31-05-2026 22:00,30-06-2026 22:00
4500000160,10,F,CC0122,400128,OR000091,PRJ-00041,1444959.54,INR,31-05-2026 22:00,30-06-2026 22:00
4500000161,10,K,CC0014,400094,OR000146,PRJ-00054,1025912.25,EUR,31-05-2026 22:00,30-06-2026 22:00
4500000161,20,A,CC0065,400086,OR000316,PRJ-00207,224104.55,EUR,31-05-2026 22:00,30-06-2026 22:00
4500000161,20,A,CC0012,400027,OR000380,PRJ-00014,45282.55,EUR,31-05-2026 22:00,30-06-2026 22:00
4500000162,10,F,CC0041,400008,OR000249,PRJ-00132,23194.21,USD,31-05-2026 22:00,30-06-2026 22:00
4500000162,10,K,CC0019,400061,OR000370,PRJ-00114,37368.19,USD,31-05-2026 22:00,30-06-2026 22:00
4500000163,10,P,CC0108,400051,OR000383,PRJ-00174,310999.5,USD,31-05-2026 22:00,30-06-2026 22:00
4500000164,10,P,CC0059,400029,OR000167,PRJ-00059,989894.85,EUR,31-05-2026 22:00,30-06-2026 22:00
4500000165,10,K,CC0061,400106,OR000446,PRJ-00052,228127.93,INR,31-05-2026 22:00,30-06-2026 22:00
4500000166,10,A,CC0057,400019,OR000242,PRJ-00150,419499.78,USD,31-05-2026 22:00,30-06-2026 22:00
4500000167,10,A,CC0014,400112,OR000075,PRJ-00056,435878.92,EUR,31-05-2026 22:00,30-06-2026 22:00
4500000167,20,A,CC0046,400100,OR000192,PRJ-00035,444311.56,EUR,31-05-2026 22:00,30-06-2026 22:00
4500000168,10,A,CC0050,400092,OR000500,PRJ-00070,1362408.16,EUR,31-05-2026 22:00,30-06-2026 22:00
4500000169,10,F,CC0086,400033,OR000017,PRJ-00178,885064.32,INR,31-05-2026 22:00,30-06-2026 22:00
4500000170,10,K,CC0072,400035,OR000057,PRJ-00219,538056.63,INR,31-05-2026 22:00,30-06-2026 22:00
4500000171,10,A,CC0118,400108,OR000088,PRJ-00195,14787.71,INR,31-05-2026 22:00,30-06-2026 22:00
4500000172,10,P,CC0057,400076,OR000310,PRJ-00041,236712.5,GBP,31-05-2026 22:00,30-06-2026 22:00
4500000173,10,F,CC0148,400142,OR000438,PRJ-00059,373175.03,GBP,31-05-2026 22:00,30-06-2026 22:00
4500000173,10,K,CC0106,400134,OR000251,PRJ-00221,268435.57,GBP,31-05-2026 22:00,30-06-2026 22:00
4500000174,10,F,CC0122,400119,OR000143,PRJ-00004,113287.44,USD,31-05-2026 22:00,30-06-2026 22:00
4500000175,10,A,CC0064,400064,OR000168,PRJ-00112,15149.7,USD,31-05-2026 22:00,30-06-2026 22:00
4500000176,10,F,CC0039,400147,OR000460,PRJ-00002,81502.89,INR,31-05-2026 22:00,30-06-2026 22:00
4500000176,10,A,CC0012,400011,OR000241,PRJ-00188,24301.62,INR,31-05-2026 22:00,30-06-2026 22:00
4500000177,10,K,CC0109,400136,OR000202,PRJ-00123,1090.02,INR,31-05-2026 22:00,30-06-2026 22:00
4500000177,10,K,CC0116,400127,OR000124,PRJ-00022,63119.26,INR,31-05-2026 22:00,30-06-2026 22:00
4500000178,10,K,CC0105,400056,OR000068,PRJ-00092,152328.63,INR,31-05-2026 22:00,30-06-2026 22:00
4500000178,10,P,CC0062,400024,OR000009,PRJ-00123,35551.37,INR,31-05-2026 22:00,30-06-2026 22:00
4500000179,10,P,CC0042,400118,OR000440,PRJ-00147,1137253.5,USD,31-05-2026 22:00,30-06-2026 22:00
4500000179,20,K,CC0117,400119,OR000396,PRJ-00036,1741.68,USD,31-05-2026 22:00,30-06-2026 22:00
4500000180,10,A,CC0048,400095,OR000321,PRJ-00119,1048392.41,GBP,31-05-2026 22:00,30-06-2026 22:00
4500000181,10,K,CC0019,400099,OR000458,PRJ-00177,66434.87,INR,31-05-2026 22:00,30-06-2026 22:00
4500000181,10,P,CC0136,400009,OR000152,PRJ-00110,23880.49,INR,31-05-2026 22:00,30-06-2026 22:00
4500000181,20,P,CC0139,400148,OR000407,PRJ-00054,579901.44,INR,31-05-2026 22:00,30-06-2026 22:00
4500000182,10,K,CC0086,400015,OR000264,PRJ-00243,798644.87,EUR,31-05-2026 22:00,30-06-2026 22:00
4500000183,10,P,CC0014,400029,OR000197,PRJ-00094,359340.3,INR,31-05-2026 22:00,30-06-2026 22:00
4500000184,10,A,CC0011,400094,OR000188,PRJ-00045,388137.54,USD,31-05-2026 22:00,30-06-2026 22:00
4500000185,10,K,CC0144,400053,OR000071,PRJ-00086,12059.9,INR,31-05-2026 22:00,30-06-2026 22:00
4500000185,10,F,CC0139,400030,OR000333,PRJ-00123,12435.34,INR,31-05-2026 22:00,30-06-2026 22:00
4500000186,10,F,CC0058,400083,OR000181,PRJ-00230,448197.56,USD,31-05-2026 22:00,30-06-2026 22:00
4500000186,10,P,CC0129,400109,OR000142,PRJ-00014,495755.8,USD,31-05-2026 22:00,30-06-2026 22:00
4500000187,10,K,CC0096,400089,OR000232,PRJ-00125,64953.22,EUR,31-05-2026 22:00,30-06-2026 22:00
4500000187,10,K,CC0121,400137,OR000348,PRJ-00212,56810.16,EUR,31-05-2026 22:00,30-06-2026 22:00
4500000188,10,P,CC0116,400095,OR000410,PRJ-00173,92787,INR,31-05-2026 22:00,30-06-2026 22:00
4500000188,10,K,CC0049,400118,OR000045,PRJ-00021,1133695.9,INR,31-05-2026 22:00,30-06-2026 22:00
4500000188,20,A,CC0046,400074,OR000491,PRJ-00245,452777.44,INR,31-05-2026 22:00,30-06-2026 22:00
4500000189,10,K,CC0028,400043,OR000142,PRJ-00029,225264,INR,31-05-2026 22:00,30-06-2026 22:00
4500000190,10,F,CC0128,400039,OR000448,PRJ-00053,95450.08,INR,31-05-2026 22:00,30-06-2026 22:00
4500000191,10,K,CC0076,400107,OR000497,PRJ-00175,143381.42,EUR,31-05-2026 22:00,30-06-2026 22:00
4500000192,10,F,CC0122,400089,OR000216,PRJ-00114,31416,INR,31-05-2026 22:00,30-06-2026 22:00
4500000193,10,K,CC0075,400049,OR000033,PRJ-00006,269161.48,EUR,31-05-2026 22:00,30-06-2026 22:00
4500000194,10,F,CC0134,400086,OR000211,PRJ-00149,405204.8,EUR,31-05-2026 22:00,30-06-2026 22:00
4500000195,10,P,CC0084,400125,OR000304,PRJ-00171,597880.38,EUR,31-05-2026 22:00,30-06-2026 22:00
4500000196,10,A,CC0118,400078,OR000291,PRJ-00034,386991.88,EUR,31-05-2026 22:00,30-06-2026 22:00
4500000197,10,P,CC0044,400067,OR000117,PRJ-00124,221663,USD,31-05-2026 22:00,30-06-2026 22:00
4500000197,10,P,CC0074,400013,OR000076,PRJ-00091,17562.61,USD,31-05-2026 22:00,30-06-2026 22:00
4500000198,10,P,CC0117,400043,OR000317,PRJ-00237,27331.19,EUR,31-05-2026 22:00,30-06-2026 22:00
4500000198,10,F,CC0138,400074,OR000094,PRJ-00250,37420.81,EUR,31-05-2026 22:00,30-06-2026 22:00
4500000199,10,F,CC0040,400042,OR000122,PRJ-00030,510050.55,EUR,31-05-2026 22:00,30-06-2026 22:00
4500000199,20,K,CC0082,400148,OR000065,PRJ-00113,231971.46,EUR,31-05-2026 22:00,30-06-2026 22:00
4500000200,10,P,CC0095,400048,OR000106,PRJ-00144,617799.06,GBP,31-05-2026 22:00,30-06-2026 22:00
4500000200,20,K,CC0082,400089,OR000076,PRJ-00096,952785.92,GBP,31-05-2026 22:00,30-06-2026 22:00
4500000201,10,A,CC0139,400042,OR000274,PRJ-00078,206177.4,EUR,31-05-2026 22:00,30-06-2026 22:00
4500000201,20,K,CC0007,400104,OR000477,PRJ-00128,1172249.27,EUR,31-05-2026 22:00,30-06-2026 22:00
4500000201,20,F,CC0118,400082,OR000080,PRJ-00002,12243.93,EUR,31-05-2026 22:00,30-06-2026 22:00
4500000202,10,P,CC0076,400122,OR000459,PRJ-00075,675129,EUR,31-05-2026 22:00,30-06-2026 22:00
4500000203,10,F,CC0145,400114,OR000174,PRJ-00177,864466.96,USD,31-05-2026 22:00,30-06-2026 22:00
4500000203,20,K,CC0123,400011,OR000072,PRJ-00174,33017.76,USD,31-05-2026 22:00,30-06-2026 22:00
4500000203,20,K,CC0079,400007,OR000206,PRJ-00159,19514.79,USD,31-05-2026 22:00,30-06-2026 22:00
4500000204,10,F,CC0115,400092,OR000048,PRJ-00084,271708.4,EUR,31-05-2026 22:00,30-06-2026 22:00
4500000205,10,K,CC0050,400150,OR000270,PRJ-00057,82168.65,USD,31-05-2026 22:00,30-06-2026 22:00
4500000206,10,P,CC0051,400006,OR000043,PRJ-00138,292747.65,INR,31-05-2026 22:00,30-06-2026 22:00
4500000206,10,A,CC0023,400132,OR000202,PRJ-00050,828429.89,INR,31-05-2026 22:00,30-06-2026 22:00
4500000207,10,A,CC0082,400131,OR000484,PRJ-00015,343187.76,INR,31-05-2026 22:00,30-06-2026 22:00
4500000208,10,P,CC0102,400038,OR000367,PRJ-00219,54764.38,USD,31-05-2026 22:00,30-06-2026 22:00
4500000209,10,A,CC0095,400099,OR000191,PRJ-00004,262284.65,GBP,31-05-2026 22:00,30-06-2026 22:00
4500000210,10,P,CC0089,400090,OR000158,PRJ-00115,726883.48,INR,31-05-2026 22:00,30-06-2026 22:00
4500000211,10,K,CC0056,400114,OR000380,PRJ-00107,590622.19,INR,31-05-2026 22:00,30-06-2026 22:00
4500000212,10,A,CC0074,400042,OR000413,PRJ-00187,518645.28,INR,31-05-2026 22:00,30-06-2026 22:00
4500000213,10,A,CC0107,400036,OR000428,PRJ-00151,209892,INR,31-05-2026 22:00,30-06-2026 22:00
4500000214,10,K,CC0037,400054,OR000156,PRJ-00122,325934.85,INR,31-05-2026 22:00,30-06-2026 22:00
4500000214,10,P,CC0017,400097,OR000046,PRJ-00002,507512.65,INR,31-05-2026 22:00,30-06-2026 22:00
4500000215,10,A,CC0070,400107,OR000090,PRJ-00143,233738.82,INR,31-05-2026 22:00,30-06-2026 22:00
4500000216,10,A,CC0146,400036,OR000103,PRJ-00048,63356.26,USD,31-05-2026 22:00,30-06-2026 22:00
4500000217,10,A,CC0075,400142,OR000252,PRJ-00011,604796.71,GBP,31-05-2026 22:00,30-06-2026 22:00
4500000218,10,P,CC0150,400078,OR000253,PRJ-00144,466140.74,EUR,31-05-2026 22:00,30-06-2026 22:00
4500000218,10,A,CC0058,400007,OR000406,PRJ-00001,421457.77,EUR,31-05-2026 22:00,30-06-2026 22:00
4500000219,10,F,CC0068,400077,OR000490,PRJ-00164,224829.73,INR,31-05-2026 22:00,30-06-2026 22:00
4500000219,10,A,CC0032,400074,OR000214,PRJ-00046,101939.25,INR,31-05-2026 22:00,30-06-2026 22:00
4500000220,10,A,CC0063,400008,OR000062,PRJ-00196,318334.68,USD,31-05-2026 22:00,30-06-2026 22:00
4500000220,20,P,CC0127,400018,OR000307,PRJ-00191,1000736.72,USD,31-05-2026 22:00,30-06-2026 22:00
4500000221,10,P,CC0149,400124,OR000290,PRJ-00112,3796.34,INR,31-05-2026 22:00,30-06-2026 22:00
4500000221,10,P,CC0122,400031,OR000192,PRJ-00132,16715.36,INR,31-05-2026 22:00,30-06-2026 22:00
4500000222,10,K,CC0067,400042,OR000298,PRJ-00015,222402.38,INR,31-05-2026 22:00,30-06-2026 22:00
4500000223,10,F,CC0082,400119,OR000450,PRJ-00178,525327.88,EUR,31-05-2026 22:00,30-06-2026 22:00
4500000224,10,F,CC0092,400042,OR000028,PRJ-00070,72752.68,USD,31-05-2026 22:00,30-06-2026 22:00
4500000225,10,P,CC0108,400092,OR000025,PRJ-00075,96656.44,USD,31-05-2026 22:00,30-06-2026 22:00
4500000225,10,P,CC0136,400020,OR000264,PRJ-00050,439078.32,USD,31-05-2026 22:00,30-06-2026 22:00
4500000226,10,F,CC0025,400043,OR000279,PRJ-00083,1159926.69,INR,31-05-2026 22:00,30-06-2026 22:00
4500000227,10,P,CC0078,400070,OR000351,PRJ-00179,962896.05,EUR,31-05-2026 22:00,30-06-2026 22:00
4500000228,10,P,CC0025,400137,OR000297,PRJ-00091,102687.5,INR,31-05-2026 22:00,30-06-2026 22:00
4500000229,10,F,CC0004,400036,OR000266,PRJ-00073,146190.34,EUR,31-05-2026 22:00,30-06-2026 22:00
4500000230,10,P,CC0125,400106,OR000175,PRJ-00236,458182.2,USD,31-05-2026 22:00,30-06-2026 22:00
4500000231,10,F,CC0027,400056,OR000080,PRJ-00129,350034.72,INR,31-05-2026 22:00,30-06-2026 22:00
4500000231,20,F,CC0049,400144,OR000315,PRJ-00177,64149.86,INR,31-05-2026 22:00,30-06-2026 22:00
4500000231,20,K,CC0107,400118,OR000470,PRJ-00020,210304.63,INR,31-05-2026 22:00,30-06-2026 22:00
4500000232,10,K,CC0034,400005,OR000246,PRJ-00090,20181,EUR,31-05-2026 22:00,30-06-2026 22:00
4500000233,10,P,CC0093,400036,OR000419,PRJ-00114,427559.06,EUR,31-05-2026 22:00,30-06-2026 22:00
4500000234,10,P,CC0045,400078,OR000015,PRJ-00191,200438.22,INR,31-05-2026 22:00,30-06-2026 22:00
4500000235,10,K,CC0057,400033,OR000439,PRJ-00178,162530,EUR,31-05-2026 22:00,30-06-2026 22:00
4500000235,20,F,CC0059,400079,OR000065,PRJ-00054,224507.32,EUR,31-05-2026 22:00,30-06-2026 22:00
4500000235,20,F,CC0021,400109,OR000354,PRJ-00196,239688.52,EUR,31-05-2026 22:00,30-06-2026 22:00
4500000236,10,K,CC0020,400005,OR000397,PRJ-00124,413858.5,EUR,31-05-2026 22:00,30-06-2026 22:00
4500000237,10,A,CC0011,400051,OR000056,PRJ-00009,94029.79,EUR,31-05-2026 22:00,30-06-2026 22:00
4500000237,10,K,CC0121,400031,OR000466,PRJ-00065,829515.24,EUR,31-05-2026 22:00,30-06-2026 22:00
4500000238,10,K,CC0017,400078,OR000342,PRJ-00003,773333.09,INR,31-05-2026 22:00,30-06-2026 22:00
4500000239,10,K,CC0032,400053,OR000301,PRJ-00231,600457.68,GBP,31-05-2026 22:00,30-06-2026 22:00
4500000240,10,F,CC0048,400090,OR000015,PRJ-00024,1107363.84,USD,31-05-2026 22:00,30-06-2026 22:00
4500000241,10,F,CC0072,400149,OR000179,PRJ-00091,296931.9,USD,31-05-2026 22:00,30-06-2026 22:00
4500000241,10,F,CC0129,400062,OR000259,PRJ-00146,142837.2,USD,31-05-2026 22:00,30-06-2026 22:00
4500000242,10,K,CC0026,400149,OR000391,PRJ-00004,1148765.31,INR,31-05-2026 22:00,30-06-2026 22:00
4500000243,10,F,CC0050,400073,OR000088,PRJ-00231,35277,EUR,31-05-2026 22:00,30-06-2026 22:00
4500000244,10,K,CC0026,400055,OR000472,PRJ-00130,319338.86,INR,31-05-2026 22:00,30-06-2026 22:00
4500000244,10,A,CC0094,400048,OR000226,PRJ-00173,170384.64,INR,31-05-2026 22:00,30-06-2026 22:00
4500000245,10,K,CC0047,400091,OR000195,PRJ-00109,341246.46,GBP,31-05-2026 22:00,30-06-2026 22:00
4500000246,10,F,CC0132,400059,OR000209,PRJ-00029,147496.65,GBP,31-05-2026 22:00,30-06-2026 22:00
4500000247,10,P,CC0032,400120,OR000057,PRJ-00134,216365.24,GBP,31-05-2026 22:00,30-06-2026 22:00
4500000247,10,F,CC0127,400093,OR000361,PRJ-00074,556442.44,GBP,31-05-2026 22:00,30-06-2026 22:00
4500000248,10,K,CC0022,400084,OR000253,PRJ-00030,121203.9,INR,31-05-2026 22:00,30-06-2026 22:00
4500000249,10,A,CC0073,400117,OR000308,PRJ-00189,35908.56,INR,31-05-2026 22:00,30-06-2026 22:00
4500000249,10,P,CC0114,400058,OR000284,PRJ-00105,50332.15,INR,31-05-2026 22:00,30-06-2026 22:00
4500000250,10,P,CC0110,400049,OR000439,PRJ-00018,122146.44,INR,31-05-2026 22:00,30-06-2026 22:00
4500000251,10,A,CC0095,400046,OR000007,PRJ-00173,779833.92,GBP,31-05-2026 22:00,30-06-2026 22:00
4500000251,20,A,CC0027,400102,OR000225,PRJ-00134,229409.7,GBP,31-05-2026 22:00,30-06-2026 22:00
4500000252,10,K,CC0031,400037,OR000203,PRJ-00103,181584.98,GBP,31-05-2026 22:00,30-06-2026 22:00
4500000252,10,K,CC0044,400017,OR000187,PRJ-00250,93221.38,GBP,31-05-2026 22:00,30-06-2026 22:00
4500000253,10,F,CC0087,400052,OR000305,PRJ-00217,269252.75,EUR,31-05-2026 22:00,30-06-2026 22:00
4500000254,10,A,CC0032,400060,OR000430,PRJ-00109,33095.49,USD,31-05-2026 22:00,30-06-2026 22:00
4500000254,10,A,CC0072,400149,OR000304,PRJ-00070,53981.43,USD,31-05-2026 22:00,30-06-2026 22:00
4500000255,10,A,CC0092,400122,OR000342,PRJ-00155,291543.2,GBP,31-05-2026 22:00,30-06-2026 22:00
4500000256,10,A,CC0125,400131,OR000143,PRJ-00038,346938.6,USD,31-05-2026 22:00,30-06-2026 22:00
4500000257,10,A,CC0028,400032,OR000129,PRJ-00126,243638.17,EUR,31-05-2026 22:00,30-06-2026 22:00
4500000258,10,A,CC0060,400035,OR000016,PRJ-00026,29856.7,EUR,31-05-2026 22:00,30-06-2026 22:00
4500000259,10,K,CC0018,400128,OR000348,PRJ-00007,47041.77,USD,31-05-2026 22:00,30-06-2026 22:00
4500000260,10,F,CC0098,400084,OR000079,PRJ-00078,343623,GBP,31-05-2026 22:00,30-06-2026 22:00
4500000261,10,K,CC0020,400134,OR000393,PRJ-00127,579075.39,GBP,31-05-2026 22:00,30-06-2026 22:00
4500000262,10,A,CC0052,400076,OR000339,PRJ-00128,279761.86,EUR,31-05-2026 22:00,30-06-2026 22:00
4500000263,10,A,CC0130,400067,OR000278,PRJ-00088,657963.75,USD,31-05-2026 22:00,30-06-2026 22:00
4500000264,10,K,CC0009,400111,OR000451,PRJ-00235,282261.75,EUR,31-05-2026 22:00,30-06-2026 22:00
4500000264,10,K,CC0099,400116,OR000162,PRJ-00219,304562.9,EUR,31-05-2026 22:00,30-06-2026 22:00
4500000265,10,A,CC0114,400118,OR000019,PRJ-00009,596866.76,USD,31-05-2026 22:00,30-06-2026 22:00
4500000266,10,F,CC0143,400078,OR000453,PRJ-00181,156019.94,EUR,31-05-2026 22:00,30-06-2026 22:00
4500000266,10,F,CC0126,400111,OR000069,PRJ-00080,122928.62,EUR,31-05-2026 22:00,30-06-2026 22:00
4500000267,10,A,CC0125,400029,OR000292,PRJ-00173,83813.84,EUR,31-05-2026 22:00,30-06-2026 22:00
4500000268,10,A,CC0142,400139,OR000293,PRJ-00121,142424.49,GBP,31-05-2026 22:00,30-06-2026 22:00
4500000268,10,A,CC0144,400041,OR000260,PRJ-00015,33797.51,GBP,31-05-2026 22:00,30-06-2026 22:00
4500000269,10,A,CC0068,400127,OR000303,PRJ-00249,241287.76,EUR,31-05-2026 22:00,30-06-2026 22:00
4500000270,10,A,CC0091,400073,OR000165,PRJ-00016,421977.56,INR,31-05-2026 22:00,30-06-2026 22:00
4500000270,10,K,CC0012,400033,OR000429,PRJ-00094,536176.66,INR,31-05-2026 22:00,30-06-2026 22:00
4500000271,10,P,CC0150,400007,OR000392,PRJ-00229,192344.1,GBP,31-05-2026 22:00,30-06-2026 22:00
4500000271,20,P,CC0098,400025,OR000220,PRJ-00089,649754.32,GBP,31-05-2026 22:00,30-06-2026 22:00
4500000272,10,P,CC0106,400090,OR000029,PRJ-00170,139595.39,USD,31-05-2026 22:00,30-06-2026 22:00
4500000272,10,F,CC0064,400061,OR000332,PRJ-00080,1212472.77,USD,31-05-2026 22:00,30-06-2026 22:00
4500000273,10,K,CC0017,400079,OR000059,PRJ-00087,128388.82,USD,31-05-2026 22:00,30-06-2026 22:00
4500000273,10,F,CC0006,400138,OR000167,PRJ-00010,362805.26,USD,31-05-2026 22:00,30-06-2026 22:00
4500000274,10,A,CC0109,400146,OR000264,PRJ-00231,42503.6,GBP,31-05-2026 22:00,30-06-2026 22:00
4500000275,10,A,CC0069,400006,OR000357,PRJ-00121,847004,GBP,31-05-2026 22:00,30-06-2026 22:00
4500000275,20,K,CC0082,400097,OR000293,PRJ-00100,187950.56,GBP,31-05-2026 22:00,30-06-2026 22:00
4500000276,10,P,CC0147,400026,OR000414,PRJ-00126,1467880.95,GBP,31-05-2026 22:00,30-06-2026 22:00
4500000277,10,K,CC0053,400087,OR000255,PRJ-00129,72333.72,USD,31-05-2026 22:00,30-06-2026 22:00
4500000278,10,P,CC0043,400077,OR000187,PRJ-00249,163946.07,USD,31-05-2026 22:00,30-06-2026 22:00
4500000279,10,A,CC0052,400128,OR000326,PRJ-00217,727411.86,GBP,31-05-2026 22:00,30-06-2026 22:00
4500000280,10,K,CC0138,400055,OR000148,PRJ-00068,239642.42,EUR,31-05-2026 22:00,30-06-2026 22:00
4500000280,10,K,CC0077,400147,OR000206,PRJ-00206,51040.18,EUR,31-05-2026 22:00,30-06-2026 22:00
4500000281,10,F,CC0024,400149,OR000049,PRJ-00152,290574.69,USD,31-05-2026 22:00,30-06-2026 22:00
4500000281,10,P,CC0070,400018,OR000291,PRJ-00206,33091.2,USD,31-05-2026 22:00,30-06-2026 22:00
4500000282,10,A,CC0110,400054,OR000178,PRJ-00204,571814.54,GBP,31-05-2026 22:00,30-06-2026 22:00
4500000282,10,K,CC0078,400130,OR000412,PRJ-00077,556159.26,GBP,31-05-2026 22:00,30-06-2026 22:00
4500000283,10,A,CC0139,400081,OR000103,PRJ-00107,123422.08,EUR,31-05-2026 22:00,30-06-2026 22:00
4500000283,10,A,CC0065,400132,OR000233,PRJ-00172,503033.36,EUR,31-05-2026 22:00,30-06-2026 22:00
4500000284,10,F,CC0005,400133,OR000442,PRJ-00048,443504.64,GBP,31-05-2026 22:00,30-06-2026 22:00
4500000285,10,A,CC0055,400120,OR000138,PRJ-00240,186636.97,EUR,31-05-2026 22:00,30-06-2026 22:00
4500000285,10,A,CC0145,400016,OR000268,PRJ-00052,432567.77,EUR,31-05-2026 22:00,30-06-2026 22:00
4500000286,10,P,CC0119,400038,OR000124,PRJ-00039,798076.96,EUR,31-05-2026 22:00,30-06-2026 22:00
4500000287,10,P,CC0112,400106,OR000164,PRJ-00221,23428.21,USD,31-05-2026 22:00,30-06-2026 22:00
4500000287,10,K,CC0053,400106,OR000137,PRJ-00211,33442.74,USD,31-05-2026 22:00,30-06-2026 22:00
4500000288,10,P,CC0042,400066,OR000352,PRJ-00154,489489.94,USD,31-05-2026 22:00,30-06-2026 22:00
4500000288,10,F,CC0104,400062,OR000059,PRJ-00039,106628.27,USD,31-05-2026 22:00,30-06-2026 22:00
4500000289,10,F,CC0008,400063,OR000409,PRJ-00212,63366.81,EUR,31-05-2026 22:00,30-06-2026 22:00
4500000290,10,P,CC0119,400125,OR000287,PRJ-00112,429365.48,USD,31-05-2026 22:00,30-06-2026 22:00
4500000291,10,A,CC0010,400052,OR000082,PRJ-00070,192586.24,USD,31-05-2026 22:00,30-06-2026 22:00
4500000291,10,F,CC0008,400067,OR000405,PRJ-00206,530678.76,USD,31-05-2026 22:00,30-06-2026 22:00
4500000292,10,P,CC0141,400046,OR000330,PRJ-00219,91899.27,INR,31-05-2026 22:00,30-06-2026 22:00
4500000293,10,K,CC0125,400006,OR000029,PRJ-00221,921950.82,USD,31-05-2026 22:00,30-06-2026 22:00
4500000294,10,K,CC0081,400077,OR000444,PRJ-00017,20303.02,INR,31-05-2026 22:00,30-06-2026 22:00
4500000294,10,A,CC0094,400024,OR000204,PRJ-00242,26216.4,INR,31-05-2026 22:00,30-06-2026 22:00
4500000295,10,F,CC0061,400029,OR000293,PRJ-00189,11304.83,EUR,31-05-2026 22:00,30-06-2026 22:00
4500000295,10,K,CC0134,400149,OR000487,PRJ-00199,95159.77,EUR,31-05-2026 22:00,30-06-2026 22:00
4500000296,10,P,CC0128,400024,OR000122,PRJ-00154,463281.84,USD,31-05-2026 22:00,30-06-2026 22:00
4500000296,20,K,CC0081,400085,OR000427,PRJ-00150,45424.88,USD,31-05-2026 22:00,30-06-2026 22:00
4500000296,20,A,CC0061,400109,OR000112,PRJ-00037,164550.48,USD,31-05-2026 22:00,30-06-2026 22:00
4500000297,10,K,CC0045,400055,OR000497,PRJ-00071,208158.72,EUR,31-05-2026 22:00,30-06-2026 22:00
4500000298,10,A,CC0105,400066,OR000442,PRJ-00151,53213.44,EUR,31-05-2026 22:00,30-06-2026 22:00
4500000299,10,K,CC0126,400137,OR000192,PRJ-00180,38759.23,INR,31-05-2026 22:00,30-06-2026 22:00
4500000299,10,K,CC0082,400140,OR000217,PRJ-00122,216962.36,INR,31-05-2026 22:00,30-06-2026 22:00
4500000300,10,F,CC0072,400038,OR000186,PRJ-00122,964800,GBP,31-05-2026 22:00,30-06-2026 22:00
4500000301,10,P,CC0079,400006,OR000331,PRJ-00248,191873.79,EUR,31-05-2026 22:00,30-06-2026 22:00
4500000301,10,K,CC0014,400062,OR000130,PRJ-00142,101733.85,EUR,31-05-2026 22:00,30-06-2026 22:00
4500000301,20,A,CC0080,400093,OR000463,PRJ-00208,32882.49,EUR,31-05-2026 22:00,30-06-2026 22:00
4500000302,10,K,CC0137,400061,OR000440,PRJ-00114,329761.85,EUR,31-05-2026 22:00,30-06-2026 22:00
