PO_Number,PO_Line_Item,Material_ID,Plant_ID,Storage_Location,Item_Category,Order_Quantity,Unit_Of_Measure,Net_Price,Net_Order_Value,Item_Status,PO_Line_Last_Changed_Date,Created_Date,Last_Modified_Date
4500000001,10,MAT001047,PL07,3,2,211,BOX,2434.69,513719.59,INVOICED,30-08-2023,31-05-2026 22:00,30-06-2026 22:00
4500000002,10,MAT001101,PL03,3,1,115,KG,1716.18,197360.7,PARTIAL,05-04-2023,31-05-2026 22:00,30-06-2026 22:00
4500000003,10,MAT000924,PL10,6,0,115,EA,1118.17,128589.55,CANCELLED,06-04-2024,31-05-2026 22:00,30-06-2026 22:00
4500000003,20,MAT001974,PL09,8,1,119,kg,2857.88,340087.72,CANCELLED,06-04-2024,31-05-2026 22:00,30-06-2026 22:00
4500000004,10,MAT001001,PL03,1,0,383,EA,2943.62,1127406.46,PARTIAL,13-12-2023,31-05-2026 22:00,30-06-2026 22:00
4500000005,10,MAT000592,PL03,8,2,160,BOX,806.33,129012.8,DELIVERED,29-06-2024,31-05-2026 22:00,30-06-2026 22:00
4500000006,10,MAT001113,PL06,1,2,78,KG,955.91,74560.98,CANCELLED,17-02-2025,31-05-2026 22:00,30-06-2026 22:00
4500000007,10,MAT000210,PL04,1,1,131,BOX,3464.47,453845.57,PARTIAL,31-08-2023,31-05-2026 22:00,30-06-2026 22:00
4500000008,10,MAT000900,PL02,4,2,461,EA,2863.13,1319902.93,PARTIAL,29-03-2024,31-05-2026 22:00,30-06-2026 22:00
4500000009,10,MAT001262,PL03,4,0,343,EA,1512.88,518917.84,INVOICED,14-09-2025,31-05-2026 22:00,30-06-2026 22:00
4500000010,10,MAT000345,PL06,5,1,163,KG,2099.08,342150.04,PARTIAL,13-11-2024,31-05-2026 22:00,30-06-2026 22:00
4500000011,10,MAT000196,PL03,1,1,480,box,2385.57,1145073.6,OPEN,31-08-2025,31-05-2026 22:00,30-06-2026 22:00
4500000012,10,MAT000660,PL04,7,1,147,KG,,78380.4,OPEN,21-01-2025,31-05-2026 22:00,30-06-2026 22:00
4500000013,10,MAT000849,PL07,2,2,343,BOX,958.79,328864.97,DELIVERED,21-06-2025,31-05-2026 22:00,30-06-2026 22:00
4500000014,10,MAT001423,PL06,8,1,283,BOX,2630.56,744448.48,DELIVERED,19-09-2023,31-05-2026 22:00,30-06-2026 22:00
4500000015,10,MAT001301,PL06,9,1,394,EA,3403.22,1340868.68,OPEN,14-01-2023,31-05-2026 22:00,30-06-2026 22:00
4500000015,20,MAT000550,PL06,6,2,442,BOX,761.18,336441.56,OPEN,05-02-2023,31-05-2026 22:00,30-06-2026 22:00
4500000016,10,MAT000704,PL01,2,2,456,EA,1711.55,780466.8,CANCELLED,14-03-2025,31-05-2026 22:00,30-06-2026 22:00
4500000017,10,MAT000324,PL08,1,1,83,BOX,3254.78,270146.74,OPEN,16-01-2025,31-05-2026 22:00,30-06-2026 22:00
4500000018,10,MAT000326,PL05,6,1,471,EA,2283.74,1075641.54,DELIVERED,02-10-2025,31-05-2026 22:00,30-06-2026 22:00
4500000019,10,MAT000339,PL01,5,2,360,BOX,3165.71,1139655.6,INVOICED,10-01-2026,31-05-2026 22:00,30-06-2026 22:00
4500000020,10,MAT000195,PL01,8,0,355,EA,341.92,121381.6,OPEN,15-07-2025,31-05-2026 22:00,30-06-2026 22:00
4500000021,10,MAT000912,PL01,6,0,135,EA,1830.07,247059.45,CANCELLED,25-05-2024,31-05-2026 22:00,30-06-2026 22:00
4500000022,10,MAT000785,PL02,2,0,264,KG,271.13,71578.32,PARTIAL,17-11-2024,31-05-2026 22:00,30-06-2026 22:00
4500000023,10,MAT000784,PL03,3,0,471,KG,1064.91,501572.61,DELIVERED,06-06-2024,31-05-2026 22:00,30-06-2026 22:00
4500000024,10,MAT000720,PL04,3,1,352,KG,595.31,209549.12,CANCELLED,27-06-2025,31-05-2026 22:00,30-06-2026 22:00
4500000025,10,MAT000287,PL02,7,1,64,KG,3140.66,201002.24,CANCELLED,27-08-2023,31-05-2026 22:00,30-06-2026 22:00
4500000026,10,MAT000568,PL02,9,2,425,EA,510.91,217136.75,PARTIAL,15-08-2024,31-05-2026 22:00,30-06-2026 22:00
4500000027,10,MAT001794,PL05,9,2,454,EA,2968.57,1347730.78,OPEN,02-05-2024,31-05-2026 22:00,30-06-2026 22:00
4500000028,10,MAT001606,PL04,7,0,171,BOX,2270.44,388245.24,OPEN,14-03-2025,31-05-2026 22:00,30-06-2026 22:00
4500000029,10,MAT001082,PL01,6,0,346,BOX,2088.91,722762.86,CANCELLED,17-12-2023,31-05-2026 22:00,30-06-2026 22:00
4500000030,10,MAT001399,PL03,2,0,235,BOX,1294.81,304280.35,DELIVERED,05-06-2023,31-05-2026 22:00,30-06-2026 22:00
4500000031,10,MAT001890,PL01,9,1,154,BOX,774.71,119305.34,CANCELLED,28-04-2024,31-05-2026 22:00,30-06-2026 22:00
4500000032,10,MAT001312,PL09,3,1,379,KG,1422.91,539282.89,DELIVERED,04-01-2026,31-05-2026 22:00,30-06-2026 22:00
4500000033,10,MAT000417,PL03,6,1,60,KG,1801.78,108106.8,DELIVERED,17-10-2023,31-05-2026 22:00,30-06-2026 22:00
4500000033,20,MAT001953,PL04,4,0,377,EA,1545.26,582563.02,CANCELLED,17-10-2023,31-05-2026 22:00,30-06-2026 22:00
4500000034,10,MAT000113,PL05,3,0,252,KG,2152.73,542487.96,DELIVERED,09-06-2023,31-05-2026 22:00,30-06-2026 22:00
4500000035,10,MAT001017,PL06,9,2,379,KG,64.44,24422.76,PARTIAL,16-08-2024,31-05-2026 22:00,30-06-2026 22:00
4500000036,10,MAT001600,PL05,2,0,210,KG,466.08,97876.8,PARTIAL,15-10-2023,31-05-2026 22:00,30-06-2026 22:00
4500000037,10,MAT000539,PL10,2,1,159,KG,1845.39,293417.01,CANCELLED,01-01-2025,31-05-2026 22:00,30-06-2026 22:00
4500000038,10,MAT001760,PL10,6,0,204,EA,217.65,44400.6,PARTIAL,05-05-2023,31-05-2026 22:00,30-06-2026 22:00
4500000039,10,MAT001481,PL02,9,0,477,EA,2019.35,963229.95,DELIVERED,28-01-2023,31-05-2026 22:00,30-06-2026 22:00
4500000040,10,MAT000746,PL07,3,0,145,EA,184.79,26794.55,CANCELLED,21-09-2023,31-05-2026 22:00,30-06-2026 22:00
4500000041,10,MAT001876,PL06,2,2,184,BOX,887.71,163338.64,PARTIAL,15-08-2023,31-05-2026 22:00,30-06-2026 22:00
4500000042,10,MAT000108,PL03,9,0,277,EA,2364.81,655052.37,CANCELLED,01-03-2023,31-05-2026 22:00,30-06-2026 22:00
4500000043,10,MAT000579,PL05,2,2,469,BOX,1641.2,769722.8,CANCELLED,28-02-2025,31-05-2026 22:00,30-06-2026 22:00
4500000044,10,MAT001155,PL05,4,1,208,KG,722.33,150244.64,PARTIAL,13-04-2024,31-05-2026 22:00,30-06-2026 22:00
4500000044,20,MAT001590,PL04,9,0,272,KG,3492.31,949908.32,OPEN,20-05-2024,31-05-2026 22:00,30-06-2026 22:00
4500000045,10,MAT000478,PL09,1,1,497,BOX,1449.88,720590.36,DELIVERED,22-12-2024,31-05-2026 22:00,30-06-2026 22:00
4500000046,10,MAT001490,PL05,4,2,212,EA,2975.3,630763.6,OPEN,10-08-2024,31-05-2026 22:00,30-06-2026 22:00
4500000047,10,MAT001992,PL03,5,0,271,KG,3365.12,911947.52,DELIVERED,22-02-2024,31-05-2026 22:00,30-06-2026 22:00
4500000048,10,MAT000846,PL06,2,2,479,BOX,2963.13,1419339.27,DELIVERED,23-11-2024,31-05-2026 22:00,30-06-2026 22:00
4500000049,10,MAT000808,PL02,1,1,88,KG,2239.32,197060.16,OPEN,03-12-2024,31-05-2026 22:00,30-06-2026 22:00
4500000050,10,MAT000646,PL07,6,1,169,KG,931.94,157497.86,CANCELLED,28-04-2025,31-05-2026 22:00,30-06-2026 22:00
4500000051,10,MAT000416,PL03,2,0,139,KG,284.54,39551.06,DELIVERED,12-07-2025,31-05-2026 22:00,30-06-2026 22:00
4500000052,10,MAT000833,PL02,6,0,250,KG,1644.54,411135,CANCELLED,23-07-2023,31-05-2026 22:00,30-06-2026 22:00
4500000053,10,MAT000246,PL02,5,2,257,EA,945.9,243096.3,DELIVERED,06-06-2024,31-05-2026 22:00,30-06-2026 22:00
4500000053,20,MAT000304,PL02,4,1,447,KG,3001.59,1341710.73,CANCELLED,31-05-2024,31-05-2026 22:00,30-06-2026 22:00
4500000054,10,MAT000533,PL03,7,1,45,EA,2378.21,107019.45,OPEN,17-06-2024,31-05-2026 22:00,30-06-2026 22:00
4500000055,10,MAT001626,PL03,1,0,256,EA,379.13,97057.28,OPEN,21-04-2023,31-05-2026 22:00,30-06-2026 22:00
4500000056,10,MAT000763,PL02,5,0,121,KG,2887.27,349359.67,DELIVERED,09-11-2025,31-05-2026 22:00,30-06-2026 22:00
4500000057,10,MAT000909,PL03,6,0,121,EA,3161.17,382501.57,DELIVERED,27-07-2024,31-05-2026 22:00,30-06-2026 22:00
4500000058,10,MAT001176,PL07,7,1,45,KG,608.76,27394.2,DELIVERED,10-08-2024,31-05-2026 22:00,30-06-2026 22:00
4500000059,10,MAT000725,PL04,5,1,369,EA,1507.66,556326.54,CANCELLED,09-04-2024,31-05-2026 22:00,30-06-2026 22:00
4500000059,20,MAT001264,PL04,5,1,37,KG,2159.02,79883.74,CANCELLED,25-03-2024,31-05-2026 22:00,30-06-2026 22:00
4500000060,10,MAT000573,PL07,7,0,265,EA,236.9,62778.5,OPEN,16-06-2025,31-05-2026 22:00,30-06-2026 22:00
4500000060,20,MAT000040,PL07,6,1,430,KG,1914.21,823110.3,CANCELLED,21-06-2025,31-05-2026 22:00,30-06-2026 22:00
4500000061,10,MAT000659,PL07,3,0,487,BOX,1990.64,969441.68,PARTIAL,01-06-2025,31-05-2026 22:00,30-06-2026 22:00
4500000061,20,MAT001661,PL05,8,2,132,EA,126.83,16741.56,PARTIAL,17-06-2025,31-05-2026 22:00,30-06-2026 22:00
4500000062,10,MAT000206,PL04,4,1,139,KG,3409.58,473931.62,DELIVERED,15-04-2025,31-05-2026 22:00,30-06-2026 22:00
4500000063,10,MAT001634,PL07,3,0,314,BOX,2966.61,931515.54,OPEN,13-03-2023,31-05-2026 22:00,30-06-2026 22:00
4500000064,10,MAT001429,PL06,1,2,182,KG,2826.58,514437.56,PARTIAL,26-03-2025,31-05-2026 22:00,30-06-2026 22:00
4500000065,10,MAT001943,PL04,9,1,308,BOX,518.81,159793.48,OPEN,08-07-2024,31-05-2026 22:00,30-06-2026 22:00
4500000066,10,MAT000477,PL10,1,2,39,EA,338.64,13206.96,INVOICED,26-04-2023,31-05-2026 22:00,30-06-2026 22:00
4500000067,10,MAT000413,PL03,3,1,189,BOX,3214.69,607576.41,DELIVERED,18-09-2023,31-05-2026 22:00,30-06-2026 22:00
4500000068,10,MAT001879,PL03,9,1,95,EA,2063.47,196029.65,DELIVERED,05-12-2023,31-05-2026 22:00,30-06-2026 22:00
4500000069,10,MAT000811,PL10,6,1,380,EA,3298.18,1253308.4,PARTIAL,07-03-2024,31-05-2026 22:00,30-06-2026 22:00
4500000069,20,MAT000895,PL08,6,0,100,KG,2569.92,256992,PARTIAL,21-02-2024,31-05-2026 22:00,30-06-2026 22:00
4500000070,10,MAT000360,PL07,5,0,360,BOX,2071.6,745776,OPEN,28-12-2024,31-05-2026 22:00,30-06-2026 22:00
4500000071,10,MAT000802,PL10,3,2,379,EA,3321.73,1258935.67,PARTIAL,07-08-2023,31-05-2026 22:00,30-06-2026 22:00
4500000072,10,MAT000214,PL08,6,2,133,EA,2247.77,298953.41,DELIVERED,28-10-2025,31-05-2026 22:00,30-06-2026 22:00
4500000073,10,MAT000344,PL02,6,1,197,KG,3438.77,677437.69,DELIVERED,31-05-2024,31-05-2026 22:00,30-06-2026 22:00
4500000074,10,MAT000139,PL06,2,2,127,BOX,892.15,113303.05,DELIVERED,13-10-2025,31-05-2026 22:00,30-06-2026 22:00
4500000075,10,MAT000860,PL03,8,1,217,BOX,1547.81,335874.77,PARTIAL,29-11-2025,31-05-2026 22:00,30-06-2026 22:00
4500000076,10,MAT000982,PL10,4,0,212,KG,377.46,80021.52,CANCELLED,07-11-2025,31-05-2026 22:00,30-06-2026 22:00
4500000077,10,MAT000604,PL01,5,0,429,BOX,2964.02,1271564.58,DELIVERED,31-01-2025,31-05-2026 22:00,30-06-2026 22:00
4500000078,10,MAT000330,PL02,2,1,107,KG,3110.56,332829.92,CANCELLED,12-10-2024,31-05-2026 22:00,30-06-2026 22:00
4500000079,10,MAT000338,PL10,3,0,240,BOX,3299.99,791997.6,DELIVERED,31-01-2024,31-05-2026 22:00,30-06-2026 22:00
4500000080,10,MAT000839,PL09,9,1,125,KG,3411.03,426378.75,PARTIAL,03-05-2024,31-05-2026 22:00,30-06-2026 22:00
4500000081,10,MAT000805,PL10,8,0,141,KG,358.31,50521.71,DELIVERED,11-09-2024,31-05-2026 22:00,30-06-2026 22:00
4500000082,10,MAT000604,PL10,4,0,21,BOX,1510.93,31729.53,DELIVERED,02-10-2025,31-05-2026 22:00,30-06-2026 22:00
4500000083,10,MAT000168,PL08,5,1,107,EA,2242.71,239969.97,CANCELLED,29-05-2023,31-05-2026 22:00,30-06-2026 22:00
4500000084,10,MAT000187,PL09,3,1,478,BOX,2322.11,1109968.58,CANCELLED,27-07-2023,31-05-2026 22:00,30-06-2026 22:00
4500000085,10,MAT000540,PL08,5,0,115,BOX,1574.07,181018.05,PARTIAL,20-07-2025,31-05-2026 22:00,30-06-2026 22:00
4500000086,10,MAT001427,PL02,6,2,51,EA,550.18,28059.18,CANCELLED,15-04-2024,31-05-2026 22:00,30-06-2026 22:00
4500000087,10,MAT001722,PL07,7,2,136,KG,1948.77,265032.72,CANCELLED,14-02-2023,31-05-2026 22:00,30-06-2026 22:00
4500000088,10,MAT000613,PL02,1,2,471,BOX,843.86,397458.06,OPEN,25-08-2025,31-05-2026 22:00,30-06-2026 22:00
4500000089,10,MAT001944,PL03,4,0,407,EA,1585.41,645261.87,DELIVERED,11-11-2023,31-05-2026 22:00,30-06-2026 22:00
4500000089,20,MAT000892,PL04,3,2,60,KG,3459.27,207556.2,PARTIAL,01-12-2023,31-05-2026 22:00,30-06-2026 22:00
4500000090,10,MAT001654,PL02,7,2,486,EA,2551.68,1240116.48,CANCELLED,10-07-2025,31-05-2026 22:00,30-06-2026 22:00
4500000091,10,MAT001065,PL08,9,1,186,EA,3001.77,558329.22,DELIVERED,21-07-2023,31-05-2026 22:00,30-06-2026 22:00
4500000092,10,MAT001205,PL10,2,2,96,EA,539.99,51839.04,DELIVERED,04-08-2023,31-05-2026 22:00,30-06-2026 22:00
4500000093,10,MAT000705,PL07,7,2,464,BOX,1886.33,875257.12,CANCELLED,12-08-2024,31-05-2026 22:00,30-06-2026 22:00
4500000094,10,MAT000353,PL05,3,2,331,BOX,1668.84,552386.04,CANCELLED,21-12-2024,31-05-2026 22:00,30-06-2026 22:00
4500000095,10,MAT000679,PL04,8,1,222,EA,3116.27,691811.94,PARTIAL,21-03-2023,31-05-2026 22:00,30-06-2026 22:00
4500000096,10,MAT000621,PL05,8,2,192,BOX,2865.42,550160.64,DELIVERED,07-08-2025,31-05-2026 22:00,30-06-2026 22:00
4500000096,20,MAT001524,PL08,5,2,88,BOX,1069.17,94086.96,CANCELLED,20-08-2025,31-05-2026 22:00,30-06-2026 22:00
4500000097,10,MAT000905,PL04,8,2,350,BOX,335.27,117344.5,PARTIAL,26-05-2023,31-05-2026 22:00,30-06-2026 22:00
4500000098,10,MAT000135,PL05,9,1,283,KG,2775.43,785446.69,INVOICED,06-03-2023,31-05-2026 22:00,30-06-2026 22:00
4500000099,10,MAT000356,PL04,1,0,470,EA,2001.14,940535.8,DELIVERED,10-05-2024,31-05-2026 22:00,30-06-2026 22:00
4500000100,10,MAT001444,PL04,6,1,45,BOX,3215.16,144682.2,CANCELLED,09-12-2025,31-05-2026 22:00,30-06-2026 22:00
4500000101,10,MAT000063,PL04,8,2,492,BOX,455.46,224086.32,CANCELLED,05-12-2023,31-05-2026 22:00,30-06-2026 22:00
4500000101,20,MAT001130,PL06,3,1,465,BOX,1674.17,778489.05,DELIVERED,06-11-2023,31-05-2026 22:00,30-06-2026 22:00
4500000102,10,MAT000334,PL10,4,2,34,EA,1368.32,46522.88,OPEN,25-11-2025,31-05-2026 22:00,30-06-2026 22:00
4500000102,20,MAT000839,PL09,1,1,125,EA,960.07,120008.75,OPEN,20-12-2025,31-05-2026 22:00,30-06-2026 22:00
4500000103,10,MAT000018,PL04,5,2,108,BOX,2113.97,228308.76,PARTIAL,15-08-2025,31-05-2026 22:00,30-06-2026 22:00
4500000104,10,MAT000715,PL08,4,1,478,BOX,1333.25,637293.5,PARTIAL,02-06-2024,31-05-2026 22:00,30-06-2026 22:00
4500000105,10,MAT000814,PL10,1,2,286,EA,2889.48,826391.28,PARTIAL,05-04-2025,31-05-2026 22:00,30-06-2026 22:00
4500000106,10,MAT000579,PL05,2,1,351,KG,2088.36,733014.36,DELIVERED,27-07-2025,31-05-2026 22:00,30-06-2026 22:00
4500000106,20,MAT001765,PL05,5,0,161,BOX,2251.07,362422.27,OPEN,13-07-2025,31-05-2026 22:00,30-06-2026 22:00
4500000107,10,MAT000117,PL10,6,2,411,BOX,860.05,353480.55,OPEN,23-09-2025,31-05-2026 22:00,30-06-2026 22:00
4500000108,10,MAT000606,PL05,7,1,355,BOX,1753.37,622446.35,DELIVERED,13-10-2024,31-05-2026 22:00,30-06-2026 22:00
4500000109,10,MAT001672,PL04,4,2,382,BOX,3481.77,1330036.14,CANCELLED,13-08-2023,31-05-2026 22:00,30-06-2026 22:00
4500000110,10,MAT001732,PL03,9,0,203,KG,1787.92,362947.76,PARTIAL,09-12-2024,31-05-2026 22:00,30-06-2026 22:00
4500000110,20,MAT000530,PL09,6,2,261,EA,469.61,122568.21,DELIVERED,03-11-2024,31-05-2026 22:00,30-06-2026 22:00
4500000111,10,MAT001785,PL05,6,1,201,BOX,801.06,161013.06,PARTIAL,08-01-2026,31-05-2026 22:00,30-06-2026 22:00
4500000112,10,MAT000242,PL08,2,1,170,EA,1636.57,278216.9,OPEN,24-11-2025,31-05-2026 22:00,30-06-2026 22:00
4500000113,10,MAT000782,PL09,7,0,81,BOX,3039.55,246203.55,OPEN,13-09-2025,31-05-2026 22:00,30-06-2026 22:00
4500000114,10,MAT001167,PL08,6,2,122,EA,1215.78,148325.16,OPEN,06-06-2024,31-05-2026 22:00,30-06-2026 22:00
4500000115,10,MAT000363,PL06,1,0,269,KG,1180.89,317659.41,CANCELLED,12-01-2025,31-05-2026 22:00,30-06-2026 22:00
4500000116,10,MAT000346,PL10,8,0,127,EA,2670.15,339109.05,OPEN,02-11-2025,31-05-2026 22:00,30-06-2026 22:00
4500000117,10,MAT000827,PL07,7,0,242,BOX,2226.37,538781.54,DELIVERED,18-11-2023,31-05-2026 22:00,30-06-2026 22:00
4500000118,10,MAT001946,PL01,9,0,122,BOX,2564.04,312812.88,DELIVERED,09-08-2023,31-05-2026 22:00,30-06-2026 22:00
4500000119,10,MAT000510,PL04,6,1,22,KG,2202.74,48460.28,OPEN,05-03-2025,31-05-2026 22:00,30-06-2026 22:00
4500000120,10,MAT000627,PL03,1,1,216,EA,1774.09,383203.44,PARTIAL,25-08-2025,31-05-2026 22:00,30-06-2026 22:00
4500000121,10,MAT001074,PL06,3,1,392,BOX,1833,718536,CANCELLED,19-04-2025,31-05-2026 22:00,30-06-2026 22:00
4500000122,10,MAT001942,PL07,4,0,404,EA,679.78,274631.12,OPEN,03-09-2023,31-05-2026 22:00,30-06-2026 22:00
4500000123,10,MAT001034,PL03,6,2,395,EA,101.15,39954.25,DELIVERED,23-08-2025,31-05-2026 22:00,30-06-2026 22:00
4500000123,20,MAT001580,PL09,1,2,468,KG,2250.12,1053056.16,DELIVERED,03-09-2025,31-05-2026 22:00,30-06-2026 22:00
4500000124,10,MAT000041,PL01,2,1,75,KG,2296.15,172211.25,CANCELLED,18-11-2025,31-05-2026 22:00,30-06-2026 22:00
4500000125,10,MAT000972,PL03,1,1,83,EA,1926.81,159925.23,INVOICED,03-06-2025,31-05-2026 22:00,30-06-2026 22:00
4500000126,10,MAT000553,PL10,3,1,71,KG,2327.13,165226.23,DELIVERED,22-04-2023,31-05-2026 22:00,30-06-2026 22:00
4500000127,10,MAT000579,PL02,8,0,388,EA,2171.5,842542,OPEN,25-02-2025,31-05-2026 22:00,30-06-2026 22:00
4500000128,10,MAT000414,PL06,7,1,445,KG,1842.93,820103.85,OPEN,25-07-2023,31-05-2026 22:00,30-06-2026 22:00
4500000129,10,MAT000426,PL08,4,0,300,BOX,1749.83,524949,DELIVERED,25-05-2023,31-05-2026 22:00,30-06-2026 22:00
4500000130,10,MAT001711,PL10,8,0,65,KG,3176.41,206466.65,DELIVERED,03-09-2024,31-05-2026 22:00,30-06-2026 22:00
4500000131,10,MAT000208,PL05,4,1,58,KG,2539.38,147284.04,INVOICED,31-10-2023,31-05-2026 22:00,30-06-2026 22:00
4500000132,10,MAT001666,PL03,5,1,257,EA,199.03,51150.71,PARTIAL,06-05-2023,31-05-2026 22:00,30-06-2026 22:00
4500000133,10,MAT001744,PL01,3,2,398,EA,427.76,170248.48,OPEN,16-12-2025,31-05-2026 22:00,30-06-2026 22:00
4500000134,10,MAT001957,PL10,2,1,203,BOX,3133.48,636096.44,PARTIAL,19-08-2025,31-05-2026 22:00,30-06-2026 22:00
4500000135,10,MAT001971,PL08,7,2,78,BOX,1417.7,110580.6,CANCELLED,10-07-2025,31-05-2026 22:00,30-06-2026 22:00
4500000135,20,MAT000342,PL02,1,0,352,EA,3104.28,1092706.56,DELIVERED,25-07-2025,31-05-2026 22:00,30-06-2026 22:00
4500000136,10,MAT001644,PL10,8,0,486,KG,2077.86,1009839.96,CANCELLED,24-11-2024,31-05-2026 22:00,30-06-2026 22:00
4500000137,10,MAT001402,PL03,8,0,333,BOX,125.14,41671.62,CANCELLED,23-06-2025,31-05-2026 22:00,30-06-2026 22:00
4500000138,10,MAT001342,PL06,9,2,43,EA,245.09,10538.87,OPEN,01-11-2024,31-05-2026 22:00,30-06-2026 22:00
4500000139,10,MAT001072,PL10,7,2,467,EA,1200.59,560675.53,OPEN,07-08-2023,31-05-2026 22:00,30-06-2026 22:00
4500000140,10,MAT001314,PL07,9,2,197,EA,2331.39,459283.83,INVOICED,10-10-2023,31-05-2026 22:00,30-06-2026 22:00
4500000141,10,MAT001036,PL08,3,0,349,BOX,3271.94,1141907.06,CANCELLED,03-08-2023,31-05-2026 22:00,30-06-2026 22:00
4500000142,10,MAT000570,PL01,4,2,143,KG,1174.86,168004.98,CANCELLED,13-02-2025,31-05-2026 22:00,30-06-2026 22:00
4500000143,10,MAT000941,PL08,8,0,438,KG,841.62,368629.56,CANCELLED,28-03-2023,31-05-2026 22:00,30-06-2026 22:00
4500000143,20,MAT001019,PL01,7,1,181,EA,437.51,79189.31,DELIVERED,31-03-2023,31-05-2026 22:00,30-06-2026 22:00
4500000144,10,MAT000187,PL10,5,2,301,KG,25.59,7702.59,OPEN,27-11-2023,31-05-2026 22:00,30-06-2026 22:00
4500000145,10,MAT000699,PL06,4,1,363,EA,1610.32,584546.16,PARTIAL,21-06-2025,31-05-2026 22:00,30-06-2026 22:00
4500000146,10,MAT000969,PL06,8,0,412,KG,2178.66,897607.92,INVOICED,22-12-2023,31-05-2026 22:00,30-06-2026 22:00
4500000147,10,MAT000728,PL05,9,1,133,KG,32.63,4339.79,INVOICED,11-06-2025,31-05-2026 22:00,30-06-2026 22:00
4500000148,10,MAT000288,PL07,5,2,479,EA,595.44,285215.76,INVOICED,19-12-2025,31-05-2026 22:00,30-06-2026 22:00
4500000149,10,MAT000805,PL04,4,2,81,BOX,3257.5,263857.5,INVOICED,08-03-2024,31-05-2026 22:00,30-06-2026 22:00
4500000150,10,MAT001898,PL10,8,1,407,EA,1465.28,596368.96,INVOICED,24-01-2023,31-05-2026 22:00,30-06-2026 22:00
4500000151,10,MAT000100,PL09,8,2,22,BOX,1868.02,41096.44,INVOICED,30-06-2023,31-05-2026 22:00,30-06-2026 22:00
4500000152,10,MAT000263,PL02,6,2,108,BOX,2563.47,276854.76,INVOICED,17-05-2025,31-05-2026 22:00,30-06-2026 22:00
4500000153,10,MAT001562,PL04,7,1,331,BOX,3207.79,1061778.49,INVOICED,28-08-2025,31-05-2026 22:00,30-06-2026 22:00
4500000153,20,MAT000846,PL10,9,1,432,KG,488.47,211019.04,INVOICED,30-08-2025,31-05-2026 22:00,30-06-2026 22:00
4500000154,10,MAT000430,PL10,5,2,343,KG,780.27,267632.61,INVOICED,15-01-2026,31-05-2026 22:00,30-06-2026 22:00
4500000155,10,MAT001332,PL03,9,2,87,KG,3435.14,298857.18,INVOICED,21-07-2023,31-05-2026 22:00,30-06-2026 22:00
4500000156,10,MAT000984,PL10,7,2,409,KG,1249.03,510853.27,INVOICED,08-08-2023,31-05-2026 22:00,30-06-2026 22:00
4500000157,10,MAT000219,PL01,3,0,433,BOX,69.38,30041.54,INVOICED,06-09-2025,31-05-2026 22:00,30-06-2026 22:00
4500000157,20,MAT000330,PL05,5,0,156,KG,2631.89,410574.84,INVOICED,22-08-2025,31-05-2026 22:00,30-06-2026 22:00
4500000158,10,MAT000067,PL06,2,2,124,BOX,2643.74,327823.76,INVOICED,07-09-2025,31-05-2026 22:00,30-06-2026 22:00
4500000159,10,MAT001047,PL05,1,1,307,KG,1376.38,422548.66,INVOICED,15-09-2025,31-05-2026 22:00,30-06-2026 22:00
4500000160,10,MAT000641,PL09,1,2,423,EA,3415.98,1444959.54,INVOICED,02-09-2025,31-05-2026 22:00,30-06-2026 22:00
4500000161,10,MAT001763,PL08,6,2,337,EA,3044.25,1025912.25,INVOICED,21-05-2023,31-05-2026 22:00,30-06-2026 22:00
4500000161,20,MAT001399,PL02,3,2,170,EA,1584.63,269387.1,INVOICED,21-05-2023,31-05-2026 22:00,30-06-2026 22:00
4500000162,10,MAT001140,PL05,3,2,40,EA,1514.06,60562.4,INVOICED,17-06-2024,31-05-2026 22:00,30-06-2026 22:00
4500000163,10,MAT001920,PL03,3,1,189,EA,1645.5,310999.5,INVOICED,06-03-2025,31-05-2026 22:00,30-06-2026 22:00
4500000164,10,MAT000617,PL08,9,1,335,KG,2954.91,989894.85,INVOICED,13-04-2025,31-05-2026 22:00,30-06-2026 22:00
4500000165,10,MAT000377,PL09,9,0,289,EA,789.37,228127.93,INVOICED,19-10-2024,31-05-2026 22:00,30-06-2026 22:00
4500000166,10,MAT000716,PL04,6,1,294,EA,1426.87,419499.78,INVOICED,25-10-2023,31-05-2026 22:00,30-06-2026 22:00
4500000167,10,MAT001267,PL09,9,2,131,BOX,3327.32,435878.92,INVOICED,25-01-2024,31-05-2026 22:00,30-06-2026 22:00
4500000167,20,MAT000493,PL10,4,0,362,KG,1227.38,444311.56,INVOICED,14-01-2024,31-05-2026 22:00,30-06-2026 22:00
4500000168,10,MAT000233,PL07,9,2,488,BOX,2791.82,1362408.16,INVOICED,23-09-2024,31-05-2026 22:00,30-06-2026 22:00
4500000169,10,MAT001578,PL06,9,1,486,KG,1821.12,885064.32,INVOICED,15-11-2023,31-05-2026 22:00,30-06-2026 22:00
4500000170,10,MAT000395,PL06,2,0,171,KG,3146.53,538056.63,INVOICED,05-05-2024,31-05-2026 22:00,30-06-2026 22:00
4500000171,10,MAT000135,PL04,4,2,293,KG,50.47,14787.71,INVOICED,28-02-2025,31-05-2026 22:00,30-06-2026 22:00
4500000172,10,MAT001440,PL07,2,2,125,KG,1893.7,236712.5,INVOICED,21-02-2024,31-05-2026 22:00,30-06-2026 22:00
4500000173,10,MAT000078,PL02,1,0,255,EA,2516.12,641610.6,INVOICED,09-08-2024,31-05-2026 22:00,30-06-2026 22:00
4500000174,10,MAT000467,PL05,7,1,56,BOX,2022.99,113287.44,INVOICED,18-08-2025,31-05-2026 22:00,30-06-2026 22:00
4500000175,10,MAT001379,PL02,1,2,181,KG,83.7,15149.7,INVOICED,30-03-2025,31-05-2026 22:00,30-06-2026 22:00
4500000176,10,MAT000149,PL06,2,1,43,KG,2460.57,105804.51,INVOICED,17-11-2023,31-05-2026 22:00,30-06-2026 22:00
4500000177,10,MAT001898,PL08,7,2,64,BOX,1003.27,64209.28,INVOICED,22-07-2023,31-05-2026 22:00,30-06-2026 22:00
4500000178,10,MAT000280,PL07,5,2,100,KG,1878.8,187880,INVOICED,14-09-2024,31-05-2026 22:00,30-06-2026 22:00
4500000179,10,MAT001978,PL06,9,2,366,EA,3107.25,1137253.5,INVOICED,06-09-2023,31-05-2026 22:00,30-06-2026 22:00
4500000179,20,MAT001222,PL07,9,0,41,KG,42.48,1741.68,INVOICED,25-08-2023,31-05-2026 22:00,30-06-2026 22:00
4500000180,10,MAT001487,PL06,7,2,403,EA,2601.47,1048392.41,OPEN,19-01-2023,31-05-2026 22:00,30-06-2026 22:00
4500000181,10,MAT001710,PL05,2,0,114,EA,792.24,90315.36,DELIVERED,31-05-2023,31-05-2026 22:00,30-06-2026 22:00
4500000181,20,MAT000150,PL05,2,1,256,KG,2265.24,579901.44,DELIVERED,25-06-2023,31-05-2026 22:00,30-06-2026 22:00
4500000182,10,MAT001949,PL06,3,2,391,BOX,2042.57,798644.87,OPEN,17-06-2024,31-05-2026 22:00,30-06-2026 22:00
4500000183,10,MAT001844,PL04,8,1,165,BOX,2177.82,359340.3,PARTIAL,19-11-2024,31-05-2026 22:00,30-06-2026 22:00
4500000184,10,MAT001197,PL03,6,1,357,KG,1087.22,388137.54,CANCELLED,19-02-2024,31-05-2026 22:00,30-06-2026 22:00
4500000185,10,MAT001610,PL04,7,1,22,KG,1113.42,24495.24,PARTIAL,12-04-2023,31-05-2026 22:00,30-06-2026 22:00
4500000186,10,MAT001798,PL08,8,1,367,BOX,2572.08,943953.36,PARTIAL,12-06-2024,31-05-2026 22:00,30-06-2026 22:00
4500000187,10,MAT001323,PL10,5,0,302,EA,403.19,121763.38,OPEN,25-02-2025,31-05-2026 22:00,30-06-2026 22:00
4500000188,10,MAT000157,PL02,9,2,395,EA,3105.02,1226482.9,DELIVERED,02-11-2025,31-05-2026 22:00,30-06-2026 22:00
4500000188,20,MAT001209,PL04,9,1,316,EA,1432.84,452777.44,CANCELLED,23-11-2025,31-05-2026 22:00,30-06-2026 22:00
4500000189,10,MAT000804,PL04,5,0,416,KG,541.5,225264,CANCELLED,06-10-2024,31-05-2026 22:00,30-06-2026 22:00
4500000190,10,MAT000746,PL09,4,2,281,EA,339.68,95450.08,OPEN,11-01-2024,31-05-2026 22:00,30-06-2026 22:00
4500000191,10,MAT000367,PL10,3,2,91,KG,1575.62,143381.42,CANCELLED,01-06-2023,31-05-2026 22:00,30-06-2026 22:00
4500000192,10,MAT000999,PL04,5,1,40,EA,785.4,31416,OPEN,06-04-2023,31-05-2026 22:00,30-06-2026 22:00
4500000193,10,MAT001860,PL06,8,1,362,BOX,743.54,269161.48,DELIVERED,15-11-2023,31-05-2026 22:00,30-06-2026 22:00
4500000194,10,MAT001442,PL09,5,2,352,KG,1151.15,405204.8,PARTIAL,30-03-2025,31-05-2026 22:00,30-06-2026 22:00
4500000195,10,MAT000772,PL07,2,2,298,BOX,2006.31,597880.38,PARTIAL,04-01-2026,31-05-2026 22:00,30-06-2026 22:00
4500000196,10,MAT000832,PL06,8,1,484,BOX,799.57,386991.88,DELIVERED,28-10-2025,31-05-2026 22:00,30-06-2026 22:00
4500000197,10,MAT000340,PL04,9,2,471,EA,507.91,239225.61,PARTIAL,02-08-2023,31-05-2026 22:00,30-06-2026 22:00
4500000198,10,MAT000742,PL10,2,2,96,KG,674.5,64752,OPEN,04-12-2023,31-05-2026 22:00,30-06-2026 22:00
4500000199,10,MAT000233,PL08,8,1,435,KG,1172.53,510050.55,OPEN,27-05-2024,31-05-2026 22:00,30-06-2026 22:00
4500000199,20,MAT000842,PL01,1,0,102,EA,2274.23,231971.46,OPEN,07-06-2024,31-05-2026 22:00,30-06-2026 22:00
4500000200,10,MAT001825,PL10,1,0,342,EA,1806.43,617799.06,PARTIAL,25-05-2023,31-05-2026 22:00,30-06-2026 22:00
4500000200,20,MAT001228,PL10,1,2,284,KG,3354.88,952785.92,PARTIAL,28-05-2023,31-05-2026 22:00,30-06-2026 22:00
4500000201,10,MAT000966,PL08,4,1,130,EA,1585.98,206177.4,OPEN,18-10-2024,31-05-2026 22:00,30-06-2026 22:00
4500000201,20,MAT001277,PL09,3,2,440,BOX,2692.03,1184493.2,PARTIAL,19-11-2024,31-05-2026 22:00,30-06-2026 22:00
4500000202,10,MAT000471,PL07,3,0,325,BOX,2077.32,675129,DELIVERED,06-07-2025,31-05-2026 22:00,30-06-2026 22:00
4500000203,10,MAT001033,PL07,2,0,287,EA,3012.08,864466.96,CANCELLED,05-11-2024,31-05-2026 22:00,30-06-2026 22:00
4500000203,20,MAT001606,PL09,2,0,327,KG,160.65,52532.55,CANCELLED,02-12-2024,31-05-2026 22:00,30-06-2026 22:00
4500000204,10,MAT001105,PL01,7,2,86,KG,3159.4,271708.4,CANCELLED,29-08-2024,31-05-2026 22:00,30-06-2026 22:00
4500000205,10,MAT001086,PL07,8,1,467,EA,175.95,82168.65,PARTIAL,17-12-2024,31-05-2026 22:00,30-06-2026 22:00
4500000206,10,MAT001560,PL10,7,0,431,EA,2601.34,1121177.54,PARTIAL,11-06-2025,31-05-2026 22:00,30-06-2026 22:00
4500000207,10,MAT001760,PL02,9,1,412,BOX,832.98,343187.76,PARTIAL,13-05-2025,31-05-2026 22:00,30-06-2026 22:00
4500000208,10,MAT001617,PL01,9,0,22,KG,2489.29,54764.38,DELIVERED,02-10-2025,31-05-2026 22:00,30-06-2026 22:00
4500000209,10,MAT001648,PL06,6,0,355,BOX,738.83,262284.65,OPEN,22-04-2025,31-05-2026 22:00,30-06-2026 22:00
4500000210,10,MAT000536,PL09,6,2,353,BOX,2059.16,726883.48,PARTIAL,07-08-2025,31-05-2026 22:00,30-06-2026 22:00
4500000211,10,MAT000847,PL09,8,0,223,KG,2648.53,590622.19,PARTIAL,08-01-2024,31-05-2026 22:00,30-06-2026 22:00
4500000212,10,MAT000629,PL10,7,2,304,BOX,1706.07,518645.28,OPEN,30-10-2024,31-05-2026 22:00,30-06-2026 22:00
4500000213,10,MAT000915,PL03,4,2,80,EA,2623.65,209892,CANCELLED,29-04-2024,31-05-2026 22:00,30-06-2026 22:00
4500000214,10,MAT001428,PL01,7,2,430,EA,1938.25,833447.5,DELIVERED,27-01-2026,31-05-2026 22:00,30-06-2026 22:00
4500000215,10,MAT001897,PL10,2,0,441,BOX,530.02,233738.82,PARTIAL,10-04-2023,31-05-2026 22:00,30-06-2026 22:00
4500000216,10,MAT000078,PL07,9,1,209,BOX,303.14,63356.26,DELIVERED,11-08-2024,31-05-2026 22:00,30-06-2026 22:00
4500000217,10,MAT000022,PL04,9,1,347,KG,1742.93,604796.71,OPEN,31-01-2025,31-05-2026 22:00,30-06-2026 22:00
4500000218,10,MAT001057,PL04,3,2,421,KG,2108.31,887598.51,DELIVERED,25-03-2023,31-05-2026 22:00,30-06-2026 22:00
4500000219,10,MAT001999,PL03,5,1,142,EA,2301.19,326768.98,PARTIAL,08-11-2024,31-05-2026 22:00,30-06-2026 22:00
4500000220,10,MAT000411,PL09,2,0,222,EA,1433.94,318334.68,PARTIAL,13-10-2025,31-05-2026 22:00,30-06-2026 22:00
4500000220,20,MAT000712,PL05,4,1,488,EA,2050.69,1000736.72,CANCELLED,06-10-2025,31-05-2026 22:00,30-06-2026 22:00
4500000221,10,MAT000834,PL09,9,0,22,EA,932.35,20511.7,PARTIAL,06-10-2025,31-05-2026 22:00,30-06-2026 22:00
4500000222,10,MAT001960,PL05,5,2,79,KG,2815.22,222402.38,CANCELLED,03-06-2024,31-05-2026 22:00,30-06-2026 22:00
4500000223,10,MAT000499,PL06,8,2,308,BOX,1705.61,525327.88,DELIVERED,21-05-2025,31-05-2026 22:00,30-06-2026 22:00
4500000224,10,MAT000784,PL04,4,1,79,KG,920.92,72752.68,CANCELLED,28-11-2024,31-05-2026 22:00,30-06-2026 22:00
4500000225,10,MAT001436,PL05,5,0,284,EA,1886.39,535734.76,CANCELLED,19-07-2024,31-05-2026 22:00,30-06-2026 22:00
4500000226,10,MAT000156,PL09,8,1,403,EA,2878.23,1159926.69,PARTIAL,16-10-2024,31-05-2026 22:00,30-06-2026 22:00
4500000227,10,MAT000375,PL04,4,0,477,BOX,2018.65,962896.05,OPEN,29-07-2024,31-05-2026 22:00,30-06-2026 22:00
4500000228,10,MAT001710,PL04,6,0,125,KG,821.5,102687.5,DELIVERED,15-04-2023,31-05-2026 22:00,30-06-2026 22:00
4500000229,10,MAT001958,PL08,1,2,491,KG,297.74,146190.34,DELIVERED,27-02-2024,31-05-2026 22:00,30-06-2026 22:00
4500000230,10,MAT001009,PL10,8,0,210,BOX,2181.82,458182.2,PARTIAL,16-05-2023,31-05-2026 22:00,30-06-2026 22:00
4500000231,10,MAT000263,PL01,7,1,133,KG,2631.84,350034.72,DELIVERED,21-08-2023,31-05-2026 22:00,30-06-2026 22:00
4500000231,20,MAT001406,PL03,2,2,197,BOX,1393.17,274454.49,CANCELLED,28-08-2023,31-05-2026 22:00,30-06-2026 22:00
4500000232,10,MAT001381,PL04,2,1,372,BOX,54.25,20181,PARTIAL,06-03-2024,31-05-2026 22:00,30-06-2026 22:00
4500000233,10,MAT001124,PL05,5,1,461,EA,927.46,427559.06,PARTIAL,04-02-2024,31-05-2026 22:00,30-06-2026 22:00
4500000234,10,MAT000432,PL07,6,1,114,KG,1758.23,200438.22,CANCELLED,12-04-2023,31-05-2026 22:00,30-06-2026 22:00
4500000235,10,MAT000269,PL10,4,0,250,KG,650.12,162530,PARTIAL,21-10-2023,31-05-2026 22:00,30-06-2026 22:00
4500000235,20,MAT000781,PL04,3,1,304,EA,1526.96,464195.84,DELIVERED,19-10-2023,31-05-2026 22:00,30-06-2026 22:00
4500000236,10,MAT001830,PL09,6,1,235,KG,1761.1,413858.5,PARTIAL,23-06-2024,31-05-2026 22:00,30-06-2026 22:00
4500000237,10,MAT000098,PL07,3,0,307,EA,3008.29,923545.03,OPEN,28-04-2025,31-05-2026 22:00,30-06-2026 22:00
4500000238,10,MAT000198,PL08,6,1,263,KG,2940.43,773333.09,PARTIAL,22-09-2025,31-05-2026 22:00,30-06-2026 22:00
4500000239,10,MAT001659,PL05,1,1,306,BOX,1962.28,600457.68,DELIVERED,01-12-2024,31-05-2026 22:00,30-06-2026 22:00
4500000240,10,MAT001241,PL04,9,0,464,KG,2386.56,1107363.84,PARTIAL,04-09-2025,31-05-2026 22:00,30-06-2026 22:00
4500000241,10,MAT000999,PL08,7,2,186,EA,2364.35,439769.1,PARTIAL,21-04-2024,31-05-2026 22:00,30-06-2026 22:00
4500000242,10,MAT001779,PL03,6,1,343,KG,3349.17,1148765.31,CANCELLED,22-09-2025,31-05-2026 22:00,30-06-2026 22:00
4500000243,10,MAT000468,PL06,5,2,60,BOX,587.95,35277,PARTIAL,15-06-2023,31-05-2026 22:00,30-06-2026 22:00
4500000244,10,MAT001818,PL08,9,1,350,BOX,1399.21,489723.5,CANCELLED,12-12-2024,31-05-2026 22:00,30-06-2026 22:00
4500000245,10,MAT000257,PL04,5,2,114,KG,2993.39,341246.46,DELIVERED,23-11-2025,31-05-2026 22:00,30-06-2026 22:00
4500000246,10,MAT000196,PL02,9,0,105,BOX,1404.73,147496.65,DELIVERED,08-10-2024,31-05-2026 22:00,30-06-2026 22:00
4500000247,10,MAT000171,PL02,3,0,288,BOX,2683.36,772807.68,CANCELLED,13-06-2025,31-05-2026 22:00,30-06-2026 22:00
4500000248,10,MAT000582,PL08,3,0,137,KG,884.7,121203.9,OPEN,08-05-2025,31-05-2026 22:00,30-06-2026 22:00
4500000249,10,MAT001763,PL06,8,2,37,BOX,2330.83,86240.71,PARTIAL,17-06-2023,31-05-2026 22:00,30-06-2026 22:00
4500000250,10,MAT001943,PL09,8,2,247,EA,494.52,122146.44,CANCELLED,08-05-2024,31-05-2026 22:00,30-06-2026 22:00
4500000251,10,MAT000635,PL06,9,0,347,BOX,2247.36,779833.92,DELIVERED,20-05-2024,31-05-2026 22:00,30-06-2026 22:00
4500000251,20,MAT000533,PL03,1,0,177,BOX,1296.1,229409.7,OPEN,15-05-2024,31-05-2026 22:00,30-06-2026 22:00
4500000252,10,MAT000018,PL08,5,0,166,BOX,1655.46,274806.36,CANCELLED,01-06-2025,31-05-2026 22:00,30-06-2026 22:00
4500000253,10,MAT000015,PL09,4,1,325,BOX,828.47,269252.75,CANCELLED,30-04-2023,31-05-2026 22:00,30-06-2026 22:00
4500000254,10,MAT001510,PL07,4,1,147,BOX,592.36,87076.92,DELIVERED,10-11-2023,31-05-2026 22:00,30-06-2026 22:00
4500000255,10,MAT001566,PL10,5,1,340,KG,857.48,291543.2,PARTIAL,09-10-2024,31-05-2026 22:00,30-06-2026 22:00
4500000256,10,MAT000374,PL03,2,2,116,BOX,2990.85,346938.6,CANCELLED,21-06-2025,31-05-2026 22:00,30-06-2026 22:00
4500000257,10,MAT001276,PL08,6,0,251,EA,970.67,243638.17,OPEN,27-05-2025,31-05-2026 22:00,30-06-2026 22:00
4500000258,10,MAT001992,PL02,5,0,293,BOX,101.9,29856.7,CANCELLED,28-10-2023,31-05-2026 22:00,30-06-2026 22:00
4500000259,10,MAT000031,PL08,6,1,139,EA,338.43,47041.77,PARTIAL,14-05-2024,31-05-2026 22:00,30-06-2026 22:00
4500000260,10,MAT001621,PL01,2,0,210,BOX,1636.3,343623,DELIVERED,03-02-2026,31-05-2026 22:00,30-06-2026 22:00
4500000261,10,MAT001113,PL08,4,1,417,EA,1388.67,579075.39,CANCELLED,09-02-2024,31-05-2026 22:00,30-06-2026 22:00
4500000262,10,MAT001464,PL04,8,0,82,BOX,3411.73,279761.86,DELIVERED,27-01-2024,31-05-2026 22:00,30-06-2026 22:00
4500000263,10,MAT000193,PL09,4,1,255,KG,2580.25,657963.75,CANCELLED,19-05-2024,31-05-2026 22:00,30-06-2026 22:00
4500000264,10,MAT000325,PL01,9,2,179,KG,3278.35,586824.65,DELIVERED,03-08-2024,31-05-2026 22:00,30-06-2026 22:00
4500000265,10,MAT000407,PL06,4,0,266,EA,2243.86,596866.76,OPEN,20-10-2024,31-05-2026 22:00,30-06-2026 22:00
4500000266,10,MAT000343,PL05,2,1,242,KG,1152.68,278948.56,OPEN,08-10-2024,31-05-2026 22:00,30-06-2026 22:00
4500000267,10,MAT001415,PL08,3,1,41,KG,2044.24,83813.84,DELIVERED,24-11-2024,31-05-2026 22:00,30-06-2026 22:00
4500000268,10,MAT001405,PL10,1,0,100,BOX,1762.22,176222,PARTIAL,14-10-2025,31-05-2026 22:00,30-06-2026 22:00
4500000269,10,MAT001621,PL02,8,0,98,EA,2462.12,241287.76,PARTIAL,21-11-2023,31-05-2026 22:00,30-06-2026 22:00
4500000270,10,MAT000712,PL08,4,0,423,KG,2265.14,958154.22,CANCELLED,12-03-2025,31-05-2026 22:00,30-06-2026 22:00
4500000271,10,MAT001841,PL01,8,2,390,BOX,493.19,192344.1,PARTIAL,28-02-2023,31-05-2026 22:00,30-06-2026 22:00
4500000271,20,MAT001161,PL03,6,1,376,KG,1728.07,649754.32,CANCELLED,12-03-2023,31-05-2026 22:00,30-06-2026 22:00
4500000272,10,MAT001873,PL09,2,2,464,EA,2913.94,1352068.16,OPEN,28-12-2025,31-05-2026 22:00,30-06-2026 22:00
4500000273,10,MAT001110,PL06,1,2,171,BOX,2872.48,491194.08,CANCELLED,11-07-2023,31-05-2026 22:00,30-06-2026 22:00
4500000274,10,MAT001755,PL06,4,1,472,KG,90.05,42503.6,DELIVERED,19-03-2023,31-05-2026 22:00,30-06-2026 22:00
4500000275,10,MAT000389,PL09,8,2,295,KG,2871.2,847004,OPEN,02-08-2023,31-05-2026 22:00,30-06-2026 22:00
4500000275,20,MAT001313,PL06,2,2,164,EA,1146.04,187950.56,DELIVERED,30-07-2023,31-05-2026 22:00,30-06-2026 22:00
4500000276,10,MAT000366,PL01,2,1,447,EA,3283.85,1467880.95,OPEN,12-03-2024,31-05-2026 22:00,30-06-2026 22:00
4500000277,10,MAT001713,PL07,8,2,36,KG,2009.27,72333.72,PARTIAL,14-10-2024,31-05-2026 22:00,30-06-2026 22:00
4500000278,10,MAT001471,PL02,4,2,207,EA,792.01,163946.07,CANCELLED,12-05-2024,31-05-2026 22:00,30-06-2026 22:00
4500000279,10,MAT000125,PL06,7,1,259,KG,2808.54,727411.86,DELIVERED,27-07-2023,31-05-2026 22:00,30-06-2026 22:00
4500000280,10,MAT001504,PL02,2,0,156,BOX,1863.35,290682.6,DELIVERED,21-08-2025,31-05-2026 22:00,30-06-2026 22:00
4500000281,10,MAT000790,PL04,9,2,391,EA,827.79,323665.89,OPEN,03-07-2023,31-05-2026 22:00,30-06-2026 22:00
4500000282,10,MAT001144,PL09,2,2,340,BOX,3317.57,1127973.8,PARTIAL,27-03-2025,31-05-2026 22:00,30-06-2026 22:00
4500000283,10,MAT000875,PL02,3,2,254,EA,2466.36,626455.44,CANCELLED,07-11-2024,31-05-2026 22:00,30-06-2026 22:00
4500000284,10,MAT001094,PL10,6,1,192,BOX,2309.92,443504.64,PARTIAL,11-08-2025,31-05-2026 22:00,30-06-2026 22:00
4500000285,10,MAT000882,PL06,4,2,231,KG,2680.54,619204.74,OPEN,24-03-2025,31-05-2026 22:00,30-06-2026 22:00
4500000286,10,MAT001525,PL05,8,1,412,BOX,1937.08,798076.96,CANCELLED,16-03-2025,31-05-2026 22:00,30-06-2026 22:00
4500000287,10,MAT000583,PL10,9,0,391,EA,145.45,56870.95,PARTIAL,11-12-2023,31-05-2026 22:00,30-06-2026 22:00
4500000288,10,MAT000440,PL06,5,2,173,EA,3445.77,596118.21,OPEN,22-05-2024,31-05-2026 22:00,30-06-2026 22:00
4500000289,10,MAT000320,PL03,6,2,39,BOX,1624.79,63366.81,OPEN,29-03-2025,31-05-2026 22:00,30-06-2026 22:00
4500000290,10,MAT000189,PL10,4,2,151,BOX,2843.48,429365.48,DELIVERED,03-11-2024,31-05-2026 22:00,30-06-2026 22:00
4500000291,10,MAT001000,PL10,5,0,425,EA,1701.8,723265,CANCELLED,24-10-2025,31-05-2026 22:00,30-06-2026 22:00
4500000292,10,MAT001579,PL06,7,1,419,BOX,219.33,91899.27,DELIVERED,21-02-2024,31-05-2026 22:00,30-06-2026 22:00
4500000293,10,MAT001234,PL01,7,0,402,KG,2293.41,921950.82,PARTIAL,07-06-2023,31-05-2026 22:00,30-06-2026 22:00
4500000294,10,MAT001157,PL03,9,2,41,BOX,1134.62,46519.42,OPEN,20-06-2025,31-05-2026 22:00,30-06-2026 22:00
4500000295,10,MAT000805,PL08,9,0,45,KG,2365.88,106464.6,OPEN,28-03-2023,31-05-2026 22:00,30-06-2026 22:00
4500000296,10,MAT000304,PL03,2,1,168,BOX,2757.63,463281.84,DELIVERED,27-04-2025,31-05-2026 22:00,30-06-2026 22:00
4500000296,20,MAT000817,PL09,3,0,224,BOX,937.39,209975.36,CANCELLED,05-05-2025,31-05-2026 22:00,30-06-2026 22:00
4500000297,10,MAT001336,PL10,9,2,121,EA,1720.32,208158.72,OPEN,18-12-2025,31-05-2026 22:00,30-06-2026 22:00
4500000298,10,MAT000881,PL06,2,0,56,KG,950.24,53213.44,CANCELLED,09-03-2023,31-05-2026 22:00,30-06-2026 22:00
4500000299,10,MAT000657,PL06,1,1,207,KG,1235.37,255721.59,OPEN,29-10-2024,31-05-2026 22:00,30-06-2026 22:00
4500000300,10,MAT001645,PL08,3,1,335,KG,2880,964800,DELIVERED,10-07-2025,31-05-2026 22:00,30-06-2026 22:00
4500000301,10,MAT000320,PL02,1,0,122,EA,2406.62,293607.64,OPEN,19-12-2024,31-05-2026 22:00,30-06-2026 22:00
4500000301,20,MAT001648,PL02,8,1,27,BOX,1217.87,32882.49,DELIVERED,23-12-2024,31-05-2026 22:00,30-06-2026 22:00
4500000302,10,MAT000434,PL04,9,1,127,KG,2596.55,329761.85,CANCELLED,01-12-2024,31-05-2026 22:00,30-06-2026 22:00
