Invoice_Doc_Number,Fiscal_Year,PO_Number,PO_Line_Item,Material_ID,Invoiced_Quantity,Invoice_Amount,Invoice_Status,Posting_Date,Created_Date,Last_Modified_Date
5100000001,2026,4500000001,10,MAT001047,211,513719.59,Posted,07-06-2026 22:00,31-05-2026 22:00,30-06-2026 22:00
5100000002,2026,4500000002,10,MAT001101,115,197360.7,Posted,07-06-2026 22:00,31-05-2026 22:00,30-06-2026 22:00
5100000003,2026,4500000003,10,MAT000924,115,128589.55,Blocked,07-06-2026 22:00,31-05-2026 22:00,30-06-2026 22:00
5100000004,2026,4500000003,20,MAT001974,119,340087.72,Posted,07-06-2026 22:00,31-05-2026 22:00,30-06-2026 22:00
5100000005,2026,4500000004,10,MAT001001,383,1127406.46,Posted,07-06-2026 22:00,31-05-2026 22:00,30-06-2026 22:00
5100000006,2026,4500000005,10,MAT000592,160,129012.8,Posted,07-06-2026 22:00,31-05-2026 22:00,30-06-2026 22:00
5100000007,2026,4500000006,10,MAT001113,78,74560.98,Posted,07-06-2026 22:00,31-05-2026 22:00,30-06-2026 22:00
5100000008,2026,4500000007,10,MAT000210,131,453845.57,Posted,07-06-2026 22:00,31-05-2026 22:00,30-06-2026 22:00
5100000009,2026,4500000008,10,MAT000900,461,1319902.93,Posted,07-06-2026 22:00,31-05-2026 22:00,30-06-2026 22:00
5100000010,2026,4500000009,10,MAT001262,343,518917.84,Posted,07-06-2026 22:00,31-05-2026 22:00,30-06-2026 22:00
5100000011,2026,4500000010,10,MAT000345,163,342150.04,Posted,07-06-2026 22:00,31-05-2026 22:00,30-06-2026 22:00
5100000012,2026,4500000011,10,MAT000196,480,1145073.6,Posted,07-06-2026 22:00,31-05-2026 22:00,30-06-2026 22:00
5100000013,2026,4500000012,10,MAT000660,147,78380.4,Posted,07-06-2026 22:00,31-05-2026 22:00,30-06-2026 22:00
5100000014,2026,4500000013,10,MAT000849,343,328864.97,Posted,07-06-2026 22:00,31-05-2026 22:00,30-06-2026 22:00
5100000015,2026,4500000014,10,MAT001423,283,744448.48,Posted,07-06-2026 22:00,31-05-2026 22:00,30-06-2026 22:00
5100000016,2026,4500000015,10,MAT001301,394,1340868.68,Posted,07-06-2026 22:00,31-05-2026 22:00,30-06-2026 22:00
5100000017,2026,4500000015,20,MAT000550,442,336441.56,Posted,07-06-2026 22:00,31-05-2026 22:00,30-06-2026 22:00
5100000018,2026,4500000016,10,MAT000704,456,780466.8,Posted,07-06-2026 22:00,31-05-2026 22:00,30-06-2026 22:00
5100000019,2026,4500000017,10,MAT000324,83,270146.74,Posted,07-06-2026 22:00,31-05-2026 22:00,30-06-2026 22:00
5100000020,2026,4500000018,10,MAT000326,471,1075641.54,Posted,07-06-2026 22:00,31-05-2026 22:00,30-06-2026 22:00
5100000021,2026,4500000019,10,MAT000339,360,1139655.6,Posted,07-06-2026 22:00,31-05-2026 22:00,30-06-2026 22:00
5100000022,2026,4500000020,10,MAT000195,355,121381.6,Posted,07-06-2026 22:00,31-05-2026 22:00,30-06-2026 22:00
5100000023,2026,4500000021,10,MAT000912,135,247059.45,Posted,07-06-2026 22:00,31-05-2026 22:00,30-06-2026 22:00
5100000024,2026,4500000022,10,MAT000785,264,71578.32,Posted,07-06-2026 22:00,31-05-2026 22:00,30-06-2026 22:00
5100000025,2026,4500000023,10,MAT000784,471,501572.61,Posted,07-06-2026 22:00,31-05-2026 22:00,30-06-2026 22:00
5100000026,2026,4500000024,10,MAT000720,352,209549.12,Posted,07-06-2026 22:00,31-05-2026 22:00,30-06-2026 22:00
5100000027,2026,4500000025,10,MAT000287,64,201002.24,Posted,07-06-2026 22:00,31-05-2026 22:00,30-06-2026 22:00
5100000028,2026,4500000026,10,MAT000568,425,217136.75,Posted,07-06-2026 22:00,31-05-2026 22:00,30-06-2026 22:00
5100000029,2026,4500000027,10,MAT001794,454,1347730.78,Posted,07-06-2026 22:00,31-05-2026 22:00,30-06-2026 22:00
5100000030,2026,4500000028,10,MAT001606,171,388245.24,Posted,07-06-2026 22:00,31-05-2026 22:00,30-06-2026 22:00
5100000031,2026,4500000029,10,MAT001082,346,722762.86,Posted,07-06-2026 22:00,31-05-2026 22:00,30-06-2026 22:00
5100000032,2026,4500000030,10,MAT001399,235,304280.35,Posted,07-06-2026 22:00,31-05-2026 22:00,30-06-2026 22:00
5100000033,2026,4500000031,10,MAT001890,154,119305.34,Posted,07-06-2026 22:00,31-05-2026 22:00,30-06-2026 22:00
5100000034,2026,4500000032,10,MAT001312,379,539282.89,Posted,07-06-2026 22:00,31-05-2026 22:00,30-06-2026 22:00
5100000035,2026,4500000033,10,MAT000417,60,108106.8,Posted,07-06-2026 22:00,31-05-2026 22:00,30-06-2026 22:00
5100000036,2026,4500000033,20,MAT001953,377,582563.02,Posted,07-06-2026 22:00,31-05-2026 22:00,30-06-2026 22:00
5100000037,2026,4500000034,10,MAT000113,252,542487.96,Posted,07-06-2026 22:00,31-05-2026 22:00,30-06-2026 22:00
5100000038,2026,4500000035,10,MAT001017,379,24422.76,Posted,07-06-2026 22:00,31-05-2026 22:00,30-06-2026 22:00
5100000039,2026,4500000036,10,MAT001600,210,97876.8,Posted,07-06-2026 22:00,31-05-2026 22:00,30-06-2026 22:00
5100000040,2026,4500000037,10,MAT000539,159,293417.01,Posted,07-06-2026 22:00,31-05-2026 22:00,30-06-2026 22:00
5100000041,2026,4500000038,10,MAT001760,204,44400.6,Posted,07-06-2026 22:00,31-05-2026 22:00,30-06-2026 22:00
5100000042,2026,4500000039,10,MAT001481,477,963229.95,Posted,07-06-2026 22:00,31-05-2026 22:00,30-06-2026 22:00
5100000043,2026,4500000040,10,MAT000746,145,26794.55,Posted,07-06-2026 22:00,31-05-2026 22:00,30-06-2026 22:00
5100000044,2026,4500000041,10,MAT001876,184,163338.64,Posted,07-06-2026 22:00,31-05-2026 22:00,30-06-2026 22:00
5100000045,2026,4500000042,10,MAT000108,277,655052.37,Posted,07-06-2026 22:00,31-05-2026 22:00,30-06-2026 22:00
5100000046,2026,4500000043,10,MAT000579,469,769722.8,Posted,07-06-2026 22:00,31-05-2026 22:00,30-06-2026 22:00
5100000047,2026,4500000044,10,MAT001155,208,150244.64,Posted,07-06-2026 22:00,31-05-2026 22:00,30-06-2026 22:00
5100000048,2026,4500000044,20,MAT001590,272,949908.32,Posted,07-06-2026 22:00,31-05-2026 22:00,30-06-2026 22:00
5100000049,2026,4500000045,10,MAT000478,497,720590.36,Posted,07-06-2026 22:00,31-05-2026 22:00,30-06-2026 22:00
5100000050,2026,4500000046,10,MAT001490,212,630763.6,Posted,07-06-2026 22:00,31-05-2026 22:00,30-06-2026 22:00
5100000051,2026,4500000047,10,MAT001992,271,911947.52,Posted,07-06-2026 22:00,31-05-2026 22:00,30-06-2026 22:00
5100000052,2026,4500000048,10,MAT000846,479,1419339.27,Posted,07-06-2026 22:00,31-05-2026 22:00,30-06-2026 22:00
5100000053,2026,4500000049,10,MAT000808,88,197060.16,Posted,07-06-2026 22:00,31-05-2026 22:00,30-06-2026 22:00
5100000054,2026,4500000050,10,MAT000646,169,157497.86,Posted,07-06-2026 22:00,31-05-2026 22:00,30-06-2026 22:00
5100000055,2026,4500000051,10,MAT000416,139,39551.06,Posted,07-06-2026 22:00,31-05-2026 22:00,30-06-2026 22:00
5100000056,2026,4500000052,10,MAT000833,250,411135,Posted,07-06-2026 22:00,31-05-2026 22:00,30-06-2026 22:00
5100000057,2026,4500000053,10,MAT000246,257,243096.3,Posted,07-06-2026 22:00,31-05-2026 22:00,30-06-2026 22:00
5100000058,2026,4500000053,20,MAT000304,447,1341710.73,Posted,07-06-2026 22:00,31-05-2026 22:00,30-06-2026 22:00
5100000059,2026,4500000054,10,MAT000533,45,107019.45,Posted,07-06-2026 22:00,31-05-2026 22:00,30-06-2026 22:00
5100000060,2026,4500000055,10,MAT001626,256,97057.28,Posted,07-06-2026 22:00,31-05-2026 22:00,30-06-2026 22:00
5100000061,2026,4500000056,10,MAT000763,121,349359.67,Posted,07-06-2026 22:00,31-05-2026 22:00,30-06-2026 22:00
5100000062,2026,4500000057,10,MAT000909,121,382501.57,Posted,07-06-2026 22:00,31-05-2026 22:00,30-06-2026 22:00
5100000063,2026,4500000058,10,MAT001176,45,27394.2,Posted,07-06-2026 22:00,31-05-2026 22:00,30-06-2026 22:00
5100000064,2026,4500000059,10,MAT000725,369,556326.54,Posted,07-06-2026 22:00,31-05-2026 22:00,30-06-2026 22:00
5100000065,2026,4500000059,20,MAT001264,37,79883.74,Posted,07-06-2026 22:00,31-05-2026 22:00,30-06-2026 22:00
5100000066,2026,4500000060,10,MAT000573,265,62778.5,Posted,07-06-2026 22:00,31-05-2026 22:00,30-06-2026 22:00
5100000067,2026,4500000060,20,MAT000040,430,823110.3,Posted,07-06-2026 22:00,31-05-2026 22:00,30-06-2026 22:00
5100000068,2026,4500000061,10,MAT000659,487,969441.68,Posted,07-06-2026 22:00,31-05-2026 22:00,30-06-2026 22:00
5100000069,2026,4500000061,20,MAT001661,132,16741.56,Posted,07-06-2026 22:00,31-05-2026 22:00,30-06-2026 22:00
5100000070,2026,4500000062,10,MAT000206,139,473931.62,Posted,07-06-2026 22:00,31-05-2026 22:00,30-06-2026 22:00
5100000071,2026,4500000063,10,MAT001634,314,931515.54,Posted,07-06-2026 22:00,31-05-2026 22:00,30-06-2026 22:00
5100000072,2026,4500000064,10,MAT001429,182,514437.56,Posted,07-06-2026 22:00,31-05-2026 22:00,30-06-2026 22:00
5100000073,2026,4500000065,10,MAT001943,308,159793.48,Posted,07-06-2026 22:00,31-05-2026 22:00,30-06-2026 22:00
5100000074,2026,4500000066,10,MAT000477,39,13206.96,Posted,07-06-2026 22:00,31-05-2026 22:00,30-06-2026 22:00
5100000075,2026,4500000067,10,MAT000413,189,607576.41,Posted,07-06-2026 22:00,31-05-2026 22:00,30-06-2026 22:00
5100000076,2026,4500000068,10,MAT001879,95,196029.65,Posted,07-06-2026 22:00,31-05-2026 22:00,30-06-2026 22:00
5100000077,2026,4500000069,10,MAT000811,380,1253308.4,Posted,07-06-2026 22:00,31-05-2026 22:00,30-06-2026 22:00
5100000078,2026,4500000069,20,MAT000895,100,256992,Posted,07-06-2026 22:00,31-05-2026 22:00,30-06-2026 22:00
5100000079,2026,4500000070,10,MAT000360,360,745776,Posted,07-06-2026 22:00,31-05-2026 22:00,30-06-2026 22:00
5100000080,2026,4500000071,10,MAT000802,379,1258935.67,Posted,07-06-2026 22:00,31-05-2026 22:00,30-06-2026 22:00
5100000081,2026,4500000072,10,MAT000214,133,298953.41,Posted,07-06-2026 22:00,31-05-2026 22:00,30-06-2026 22:00
5100000082,2026,4500000073,10,MAT000344,197,677437.69,Posted,07-06-2026 22:00,31-05-2026 22:00,30-06-2026 22:00
5100000083,2026,4500000074,10,MAT000139,127,113303.05,Posted,07-06-2026 22:00,31-05-2026 22:00,30-06-2026 22:00
5100000084,2026,4500000075,10,MAT000860,217,335874.77,Posted,07-06-2026 22:00,31-05-2026 22:00,30-06-2026 22:00
5100000085,2026,4500000076,10,MAT000982,212,80021.52,Posted,07-06-2026 22:00,31-05-2026 22:00,30-06-2026 22:00
5100000086,2026,4500000077,10,MAT000604,429,1271564.58,Posted,07-06-2026 22:00,31-05-2026 22:00,30-06-2026 22:00
5100000087,2026,4500000078,10,MAT000330,107,332829.92,Posted,07-06-2026 22:00,31-05-2026 22:00,30-06-2026 22:00
5100000088,2026,4500000079,10,MAT000338,240,791997.6,Posted,07-06-2026 22:00,31-05-2026 22:00,30-06-2026 22:00
5100000089,2026,4500000080,10,MAT000839,125,426378.75,Posted,07-06-2026 22:00,31-05-2026 22:00,30-06-2026 22:00
5100000090,2026,4500000081,10,MAT000805,141,50521.71,Posted,07-06-2026 22:00,31-05-2026 22:00,30-06-2026 22:00
5100000091,2026,4500000082,10,MAT000604,21,31729.53,Posted,07-06-2026 22:00,31-05-2026 22:00,30-06-2026 22:00
5100000092,2026,4500000083,10,MAT000168,107,239969.97,Posted,07-06-2026 22:00,31-05-2026 22:00,30-06-2026 22:00
5100000093,2026,4500000084,10,MAT000187,478,1109968.58,Posted,07-06-2026 22:00,31-05-2026 22:00,30-06-2026 22:00
5100000094,2026,4500000085,10,MAT000540,115,181018.05,Posted,07-06-2026 22:00,31-05-2026 22:00,30-06-2026 22:00
5100000095,2026,4500000086,10,MAT001427,51,28059.18,Posted,07-06-2026 22:00,31-05-2026 22:00,30-06-2026 22:00
5100000096,2026,4500000087,10,MAT001722,136,265032.72,Posted,07-06-2026 22:00,31-05-2026 22:00,30-06-2026 22:00
5100000097,2026,4500000088,10,MAT000613,471,397458.06,Posted,07-06-2026 22:00,31-05-2026 22:00,30-06-2026 22:00
5100000098,2026,4500000089,10,MAT001944,407,645261.87,Posted,07-06-2026 22:00,31-05-2026 22:00,30-06-2026 22:00
5100000099,2026,4500000089,20,MAT000892,60,207556.2,Posted,07-06-2026 22:00,31-05-2026 22:00,30-06-2026 22:00
5100000100,2026,4500000090,10,MAT001654,486,1240116.48,Posted,07-06-2026 22:00,31-05-2026 22:00,30-06-2026 22:00
5100000101,2026,4500000091,10,MAT001065,186,558329.22,Posted,07-06-2026 22:00,31-05-2026 22:00,30-06-2026 22:00
5100000102,2026,4500000092,10,MAT001205,96,51839.04,Posted,07-06-2026 22:00,31-05-2026 22:00,30-06-2026 22:00
5100000103,2026,4500000093,10,MAT000705,464,875257.12,Posted,07-06-2026 22:00,31-05-2026 22:00,30-06-2026 22:00
5100000104,2026,4500000094,10,MAT000353,331,552386.04,Posted,07-06-2026 22:00,31-05-2026 22:00,30-06-2026 22:00
5100000105,2026,4500000095,10,MAT000679,222,691811.94,Posted,07-06-2026 22:00,31-05-2026 22:00,30-06-2026 22:00
5100000106,2026,4500000096,10,MAT000621,192,550160.64,Posted,07-06-2026 22:00,31-05-2026 22:00,30-06-2026 22:00
5100000107,2026,4500000096,20,MAT001524,88,94086.96,Posted,07-06-2026 22:00,31-05-2026 22:00,30-06-2026 22:00
5100000108,2026,4500000097,10,MAT000905,350,117344.5,Blocked,07-06-2026 22:00,31-05-2026 22:00,30-06-2026 22:00
5100000109,2026,4500000098,10,MAT000135,283,785446.69,Blocked,07-06-2026 22:00,31-05-2026 22:00,30-06-2026 22:00
5100000110,2026,4500000099,10,MAT000356,470,940535.8,Blocked,07-06-2026 22:00,31-05-2026 22:00,30-06-2026 22:00
5100000111,2026,4500000100,10,MAT001444,45,144682.2,Blocked,07-06-2026 22:00,31-05-2026 22:00,30-06-2026 22:00
5100000112,2026,4500000101,10,MAT000063,492,224086.32,Blocked,07-06-2026 22:00,31-05-2026 22:00,30-06-2026 22:00
5100000113,2026,4500000101,20,MAT001130,465,778489.05,Blocked,07-06-2026 22:00,31-05-2026 22:00,30-06-2026 22:00
5100000114,2026,4500000102,10,MAT000334,34,46522.88,Blocked,07-06-2026 22:00,31-05-2026 22:00,30-06-2026 22:00
5100000115,2026,4500000102,20,MAT000839,125,120008.75,Blocked,07-06-2026 22:00,31-05-2026 22:00,30-06-2026 22:00
5100000116,2026,4500000103,10,MAT000018,108,228308.76,Blocked,07-06-2026 22:00,31-05-2026 22:00,30-06-2026 22:00
5100000117,2026,4500000104,10,MAT000715,478,637293.5,Posted,07-06-2026 22:00,31-05-2026 22:00,30-06-2026 22:00
5100000118,2026,4500000105,10,MAT000814,286,826391.28,Posted,07-06-2026 22:00,31-05-2026 22:00,30-06-2026 22:00
5100000119,2026,4500000106,10,MAT000579,351,733014.36,Posted,07-06-2026 22:00,31-05-2026 22:00,30-06-2026 22:00
5100000120,2026,4500000106,20,MAT001765,161,362422.27,Posted,07-06-2026 22:00,31-05-2026 22:00,30-06-2026 22:00
5100000121,2026,4500000107,10,MAT000117,411,353480.55,Posted,07-06-2026 22:00,31-05-2026 22:00,30-06-2026 22:00
5100000122,2026,4500000108,10,MAT000606,355,622446.35,Posted,07-06-2026 22:00,31-05-2026 22:00,30-06-2026 22:00
5100000123,2026,4500000109,10,MAT001672,382,1330036.14,Posted,07-06-2026 22:00,31-05-2026 22:00,30-06-2026 22:00
5100000124,2026,4500000110,10,MAT001732,203,362947.76,Posted,07-06-2026 22:00,31-05-2026 22:00,30-06-2026 22:00
5100000125,2026,4500000110,20,MAT000530,261,122568.21,Posted,07-06-2026 22:00,31-05-2026 22:00,30-06-2026 22:00
5100000126,2026,4500000111,10,MAT001785,201,161013.06,Posted,07-06-2026 22:00,31-05-2026 22:00,30-06-2026 22:00
5100000127,2026,4500000112,10,MAT000242,170,278216.9,Posted,07-06-2026 22:00,31-05-2026 22:00,30-06-2026 22:00
5100000128,2026,4500000113,10,MAT000782,81,246203.55,Posted,07-06-2026 22:00,31-05-2026 22:00,30-06-2026 22:00
5100000129,2026,4500000114,10,MAT001167,122,148325.16,Posted,07-06-2026 22:00,31-05-2026 22:00,30-06-2026 22:00
5100000130,2026,4500000115,10,MAT000363,269,317659.41,Posted,07-06-2026 22:00,31-05-2026 22:00,30-06-2026 22:00
5100000131,2026,4500000116,10,MAT000346,127,339109.05,Posted,07-06-2026 22:00,31-05-2026 22:00,30-06-2026 22:00
5100000132,2026,4500000117,10,MAT000827,242,538781.54,Posted,07-06-2026 22:00,31-05-2026 22:00,30-06-2026 22:00
5100000133,2026,4500000118,10,MAT001946,122,312812.88,Posted,07-06-2026 22:00,31-05-2026 22:00,30-06-2026 22:00
5100000134,2026,4500000119,10,MAT000510,22,48460.28,Posted,07-06-2026 22:00,31-05-2026 22:00,30-06-2026 22:00
5100000135,2026,4500000120,10,MAT000627,216,383203.44,Posted,07-06-2026 22:00,31-05-2026 22:00,30-06-2026 22:00
5100000136,2026,4500000121,10,MAT001074,392,718536,Posted,07-06-2026 22:00,31-05-2026 22:00,30-06-2026 22:00
5100000137,2026,4500000122,10,MAT001942,404,274631.12,Posted,07-06-2026 22:00,31-05-2026 22:00,30-06-2026 22:00
5100000138,2026,4500000123,10,MAT001034,395,39954.25,Posted,07-06-2026 22:00,31-05-2026 22:00,30-06-2026 22:00
5100000139,2026,4500000123,20,MAT001580,468,1053056.16,Posted,07-06-2026 22:00,31-05-2026 22:00,30-06-2026 22:00
5100000140,2026,4500000124,10,MAT000041,75,172211.25,Posted,07-06-2026 22:00,31-05-2026 22:00,30-06-2026 22:00
5100000141,2026,4500000125,10,MAT000972,83,159925.23,Posted,07-06-2026 22:00,31-05-2026 22:00,30-06-2026 22:00
5100000142,2026,4500000126,10,MAT000553,71,165226.23,Posted,07-06-2026 22:00,31-05-2026 22:00,30-06-2026 22:00
5100000143,2026,4500000127,10,MAT000579,388,842542,Posted,07-06-2026 22:00,31-05-2026 22:00,30-06-2026 22:00
5100000144,2026,4500000128,10,MAT000414,445,820103.85,Posted,07-06-2026 22:00,31-05-2026 22:00,30-06-2026 22:00
5100000145,2026,4500000129,10,MAT000426,300,524949,Posted,07-06-2026 22:00,31-05-2026 22:00,30-06-2026 22:00
5100000146,2026,4500000130,10,MAT001711,65,206466.65,Posted,07-06-2026 22:00,31-05-2026 22:00,30-06-2026 22:00
5100000147,2026,4500000131,10,MAT000208,58,147284.04,Posted,07-06-2026 22:00,31-05-2026 22:00,30-06-2026 22:00
5100000148,2026,4500000132,10,MAT001666,257,51150.71,Posted,07-06-2026 22:00,31-05-2026 22:00,30-06-2026 22:00
5100000149,2026,4500000133,10,MAT001744,398,170248.48,Posted,07-06-2026 22:00,31-05-2026 22:00,30-06-2026 22:00
5100000150,2026,4500000134,10,MAT001957,203,636096.44,Posted,07-06-2026 22:00,31-05-2026 22:00,30-06-2026 22:00
5100000151,2026,4500000135,10,MAT001971,78,110580.6,Posted,07-06-2026 22:00,31-05-2026 22:00,30-06-2026 22:00
5100000152,2026,4500000135,20,MAT000342,352,1092706.56,Posted,07-06-2026 22:00,31-05-2026 22:00,30-06-2026 22:00
5100000153,2026,4500000136,10,MAT001644,486,1009839.96,Posted,07-06-2026 22:00,31-05-2026 22:00,30-06-2026 22:00
5100000154,2026,4500000137,10,MAT001402,333,41671.62,Posted,07-06-2026 22:00,31-05-2026 22:00,30-06-2026 22:00
5100000155,2026,4500000138,10,MAT001342,43,10538.87,Posted,07-06-2026 22:00,31-05-2026 22:00,30-06-2026 22:00
5100000156,2026,4500000139,10,MAT001072,467,560675.53,Posted,07-06-2026 22:00,31-05-2026 22:00,30-06-2026 22:00
5100000157,2026,4500000140,10,MAT001314,197,459283.83,Posted,07-06-2026 22:00,31-05-2026 22:00,30-06-2026 22:00
5100000158,2026,4500000141,10,MAT001036,349,1141907.06,Posted,07-06-2026 22:00,31-05-2026 22:00,30-06-2026 22:00
5100000159,2026,4500000142,10,MAT000570,143,168004.98,Posted,07-06-2026 22:00,31-05-2026 22:00,30-06-2026 22:00
5100000160,2026,4500000143,10,MAT000941,438,368629.56,Posted,07-06-2026 22:00,31-05-2026 22:00,30-06-2026 22:00
5100000161,2026,4500000143,20,MAT001019,181,79189.31,Posted,07-06-2026 22:00,31-05-2026 22:00,30-06-2026 22:00
5100000162,2026,4500000144,10,MAT000187,301,7702.59,Posted,07-06-2026 22:00,31-05-2026 22:00,30-06-2026 22:00
5100000163,2026,4500000145,10,MAT000699,363,584546.16,Posted,07-06-2026 22:00,31-05-2026 22:00,30-06-2026 22:00
5100000164,2026,4500000146,10,MAT000969,412,897607.92,Posted,07-06-2026 22:00,31-05-2026 22:00,30-06-2026 22:00
5100000165,2026,4500000147,10,MAT000728,133,4339.79,Posted,07-06-2026 22:00,31-05-2026 22:00,30-06-2026 22:00
5100000166,2026,4500000148,10,MAT000288,479,285215.76,Posted,07-06-2026 22:00,31-05-2026 22:00,30-06-2026 22:00
5100000167,2026,4500000149,10,MAT000805,81,263857.5,Posted,07-06-2026 22:00,31-05-2026 22:00,30-06-2026 22:00
5100000168,2026,4500000150,10,MAT001898,407,596368.96,Posted,07-06-2026 22:00,31-05-2026 22:00,30-06-2026 22:00
5100000169,2026,4500000151,10,MAT000100,22,41096.44,Posted,07-06-2026 22:00,31-05-2026 22:00,30-06-2026 22:00
5100000170,2026,4500000152,10,MAT000263,108,276854.76,Posted,07-06-2026 22:00,31-05-2026 22:00,30-06-2026 22:00
5100000171,2026,4500000153,10,MAT001562,331,1061778.49,Posted,07-06-2026 22:00,31-05-2026 22:00,30-06-2026 22:00
5100000172,2026,4500000153,20,MAT000846,432,211019.04,Posted,07-06-2026 22:00,31-05-2026 22:00,30-06-2026 22:00
5100000173,2026,4500000154,10,MAT000430,343,267632.61,Posted,07-06-2026 22:00,31-05-2026 22:00,30-06-2026 22:00
5100000174,2026,4500000155,10,MAT001332,87,298857.18,Posted,07-06-2026 22:00,31-05-2026 22:00,30-06-2026 22:00
5100000175,2026,4500000156,10,MAT000984,409,510853.27,Posted,07-06-2026 22:00,31-05-2026 22:00,30-06-2026 22:00
5100000176,2026,4500000157,10,MAT000219,433,30041.54,Posted,07-06-2026 22:00,31-05-2026 22:00,30-06-2026 22:00
5100000177,2026,4500000157,20,MAT000330,156,410574.84,Posted,07-06-2026 22:00,31-05-2026 22:00,30-06-2026 22:00
5100000178,2026,4500000158,10,MAT000067,124,327823.76,Posted,07-06-2026 22:00,31-05-2026 22:00,30-06-2026 22:00
5100000179,2026,4500000159,10,MAT001047,307,422548.66,Posted,07-06-2026 22:00,31-05-2026 22:00,30-06-2026 22:00
5100000180,2026,4500000160,10,MAT000641,423,1444959.54,Posted,07-06-2026 22:00,31-05-2026 22:00,30-06-2026 22:00
5100000181,2026,4500000161,10,MAT001763,337,1025912.25,Posted,07-06-2026 22:00,31-05-2026 22:00,30-06-2026 22:00
5100000182,2026,4500000161,20,MAT001399,170,269387.1,Posted,07-06-2026 22:00,31-05-2026 22:00,30-06-2026 22:00
5100000183,2026,4500000162,10,MAT001140,40,60562.4,Posted,07-06-2026 22:00,31-05-2026 22:00,30-06-2026 22:00
5100000184,2026,4500000163,10,MAT001920,189,310999.5,Posted,07-06-2026 22:00,31-05-2026 22:00,30-06-2026 22:00
5100000185,2026,4500000164,10,MAT000617,335,989894.85,Posted,07-06-2026 22:00,31-05-2026 22:00,30-06-2026 22:00
5100000186,2026,4500000165,10,MAT000377,289,228127.93,Posted,07-06-2026 22:00,31-05-2026 22:00,30-06-2026 22:00
5100000187,2026,4500000166,10,MAT000716,294,419499.78,Posted,07-06-2026 22:00,31-05-2026 22:00,30-06-2026 22:00
5100000188,2026,4500000167,10,MAT001267,131,435878.92,Posted,07-06-2026 22:00,31-05-2026 22:00,30-06-2026 22:00
5100000189,2026,4500000167,20,MAT000493,362,444311.56,Blocked,07-06-2026 22:00,31-05-2026 22:00,30-06-2026 22:00
5100000190,2026,4500000168,10,MAT000233,488,1362408.16,Blocked,07-06-2026 22:00,31-05-2026 22:00,30-06-2026 22:00
5100000191,2026,4500000169,10,MAT001578,486,885064.32,Blocked,07-06-2026 22:00,31-05-2026 22:00,30-06-2026 22:00
5100000192,2026,4500000170,10,MAT000395,171,538056.63,Blocked,07-06-2026 22:00,31-05-2026 22:00,30-06-2026 22:00
5100000193,2026,4500000171,10,MAT000135,293,14787.71,Blocked,07-06-2026 22:00,31-05-2026 22:00,30-06-2026 22:00
5100000194,2026,4500000172,10,MAT001440,125,236712.5,Blocked,07-06-2026 22:00,31-05-2026 22:00,30-06-2026 22:00
5100000195,2026,4500000173,10,MAT000078,255,641610.6,Posted,07-06-2026 22:00,31-05-2026 22:00,30-06-2026 22:00
5100000196,2026,4500000174,10,MAT000467,56,113287.44,Posted,07-06-2026 22:00,31-05-2026 22:00,30-06-2026 22:00
5100000197,2026,4500000175,10,MAT001379,181,15149.7,Posted,07-06-2026 22:00,31-05-2026 22:00,30-06-2026 22:00
5100000198,2026,4500000176,10,MAT000149,43,105804.51,Posted,07-06-2026 22:00,31-05-2026 22:00,30-06-2026 22:00
5100000199,2026,4500000177,10,MAT001898,64,64209.28,Posted,07-06-2026 22:00,31-05-2026 22:00,30-06-2026 22:00
5100000200,2026,4500000178,10,MAT000280,100,187880,Posted,07-06-2026 22:00,31-05-2026 22:00,30-06-2026 22:00
5100000201,2026,4500000179,10,MAT001978,366,1137253.5,Posted,07-06-2026 22:00,31-05-2026 22:00,30-06-2026 22:00
5100000202,2026,4500000179,20,MAT001222,41,1741.68,Posted,07-06-2026 22:00,31-05-2026 22:00,30-06-2026 22:00
5100000203,2026,4500000180,10,MAT001487,403,1048392.41,Posted,07-06-2026 22:00,31-05-2026 22:00,30-06-2026 22:00
5100000204,2026,4500000181,10,MAT001710,114,90315.36,Posted,07-06-2026 22:00,31-05-2026 22:00,30-06-2026 22:00
5100000205,2026,4500000181,20,MAT000150,256,579901.44,Posted,07-06-2026 22:00,31-05-2026 22:00,30-06-2026 22:00
5100000206,2026,4500000182,10,MAT001949,391,798644.87,Posted,07-06-2026 22:00,31-05-2026 22:00,30-06-2026 22:00
5100000207,2026,4500000183,10,MAT001844,165,359340.3,Posted,07-06-2026 22:00,31-05-2026 22:00,30-06-2026 22:00
5100000208,2026,4500000184,10,MAT001197,357,388137.54,Posted,07-06-2026 22:00,31-05-2026 22:00,30-06-2026 22:00
5100000209,2026,4500000185,10,MAT001610,22,24495.24,Posted,07-06-2026 22:00,31-05-2026 22:00,30-06-2026 22:00
5100000210,2026,4500000186,10,MAT001798,367,943953.36,Posted,07-06-2026 22:00,31-05-2026 22:00,30-06-2026 22:00
5100000211,2026,4500000187,10,MAT001323,302,121763.38,Posted,07-06-2026 22:00,31-05-2026 22:00,30-06-2026 22:00
5100000212,2026,4500000188,10,MAT000157,395,1226482.9,Posted,07-06-2026 22:00,31-05-2026 22:00,30-06-2026 22:00
5100000213,2026,4500000188,20,MAT001209,316,452777.44,Posted,07-06-2026 22:00,31-05-2026 22:00,30-06-2026 22:00
5100000214,2026,4500000189,10,MAT000804,416,225264,Posted,07-06-2026 22:00,31-05-2026 22:00,30-06-2026 22:00
5100000215,2026,4500000190,10,MAT000746,281,95450.08,Posted,07-06-2026 22:00,31-05-2026 22:00,30-06-2026 22:00
5100000216,2026,4500000191,10,MAT000367,91,143381.42,Posted,07-06-2026 22:00,31-05-2026 22:00,30-06-2026 22:00
5100000217,2026,4500000192,10,MAT000999,40,31416,Posted,07-06-2026 22:00,31-05-2026 22:00,30-06-2026 22:00
5100000218,2026,4500000193,10,MAT001860,362,269161.48,Posted,07-06-2026 22:00,31-05-2026 22:00,30-06-2026 22:00
5100000219,2026,4500000194,10,MAT001442,352,405204.8,Posted,07-06-2026 22:00,31-05-2026 22:00,30-06-2026 22:00
5100000220,2026,4500000195,10,MAT000772,298,597880.38,Posted,07-06-2026 22:00,31-05-2026 22:00,30-06-2026 22:00
5100000221,2026,4500000196,10,MAT000832,484,386991.88,Posted,07-06-2026 22:00,31-05-2026 22:00,30-06-2026 22:00
5100000222,2026,4500000197,10,MAT000340,471,239225.61,Posted,07-06-2026 22:00,31-05-2026 22:00,30-06-2026 22:00
5100000223,2026,4500000198,10,MAT000742,96,64752,Posted,07-06-2026 22:00,31-05-2026 22:00,30-06-2026 22:00
5100000224,2026,4500000199,10,MAT000233,435,510050.55,Posted,07-06-2026 22:00,31-05-2026 22:00,30-06-2026 22:00
5100000225,2026,4500000199,20,MAT000842,102,231971.46,Posted,07-06-2026 22:00,31-05-2026 22:00,30-06-2026 22:00
5100000226,2026,4500000200,10,MAT001825,342,617799.06,Posted,07-06-2026 22:00,31-05-2026 22:00,30-06-2026 22:00
5100000227,2026,4500000200,20,MAT001228,284,952785.92,Posted,07-06-2026 22:00,31-05-2026 22:00,30-06-2026 22:00
5100000228,2026,4500000201,10,MAT000966,130,206177.4,Posted,07-06-2026 22:00,31-05-2026 22:00,30-06-2026 22:00
5100000229,2026,4500000201,20,MAT001277,440,1184493.2,Posted,07-06-2026 22:00,31-05-2026 22:00,30-06-2026 22:00
5100000230,2026,4500000202,10,MAT000471,325,675129,Posted,07-06-2026 22:00,31-05-2026 22:00,30-06-2026 22:00
5100000231,2026,4500000203,10,MAT001033,287,864466.96,Posted,07-06-2026 22:00,31-05-2026 22:00,30-06-2026 22:00
5100000232,2026,4500000203,20,MAT001606,327,52532.55,Posted,07-06-2026 22:00,31-05-2026 22:00,30-06-2026 22:00
5100000233,2026,4500000204,10,MAT001105,86,271708.4,Posted,07-06-2026 22:00,31-05-2026 22:00,30-06-2026 22:00
5100000234,2026,4500000205,10,MAT001086,467,82168.65,Posted,07-06-2026 22:00,31-05-2026 22:00,30-06-2026 22:00
5100000235,2026,4500000206,10,MAT001560,431,1121177.54,Posted,07-06-2026 22:00,31-05-2026 22:00,30-06-2026 22:00
5100000236,2026,4500000207,10,MAT001760,412,343187.76,Posted,07-06-2026 22:00,31-05-2026 22:00,30-06-2026 22:00
5100000237,2026,4500000208,10,MAT001617,22,54764.38,Posted,07-06-2026 22:00,31-05-2026 22:00,30-06-2026 22:00
5100000238,2026,4500000209,10,MAT001648,355,262284.65,Posted,07-06-2026 22:00,31-05-2026 22:00,30-06-2026 22:00
5100000239,2026,4500000210,10,MAT000536,353,726883.48,Posted,07-06-2026 22:00,31-05-2026 22:00,30-06-2026 22:00
5100000240,2026,4500000211,10,MAT000847,223,590622.19,Posted,07-06-2026 22:00,31-05-2026 22:00,30-06-2026 22:00
5100000241,2026,4500000212,10,MAT000629,304,518645.28,Posted,07-06-2026 22:00,31-05-2026 22:00,30-06-2026 22:00
5100000242,2026,4500000213,10,MAT000915,80,209892,Posted,07-06-2026 22:00,31-05-2026 22:00,30-06-2026 22:00
5100000243,2026,4500000214,10,MAT001428,430,833447.5,Posted,07-06-2026 22:00,31-05-2026 22:00,30-06-2026 22:00
5100000244,2026,4500000215,10,MAT001897,441,233738.82,Posted,07-06-2026 22:00,31-05-2026 22:00,30-06-2026 22:00
5100000245,2026,4500000216,10,MAT000078,209,63356.26,Posted,07-06-2026 22:00,31-05-2026 22:00,30-06-2026 22:00
5100000246,2026,4500000217,10,MAT000022,347,604796.71,Posted,07-06-2026 22:00,31-05-2026 22:00,30-06-2026 22:00
5100000247,2026,4500000218,10,MAT001057,421,887598.51,Posted,07-06-2026 22:00,31-05-2026 22:00,30-06-2026 22:00
5100000248,2026,4500000219,10,MAT001999,142,326768.98,Posted,07-06-2026 22:00,31-05-2026 22:00,30-06-2026 22:00
5100000249,2026,4500000220,10,MAT000411,222,318334.68,Posted,07-06-2026 22:00,31-05-2026 22:00,30-06-2026 22:00
5100000250,2026,4500000220,20,MAT000712,488,1000736.72,Posted,07-06-2026 22:00,31-05-2026 22:00,30-06-2026 22:00
5100000251,2026,4500000221,10,MAT000834,22,20511.7,Posted,07-06-2026 22:00,31-05-2026 22:00,30-06-2026 22:00
5100000252,2026,4500000222,10,MAT001960,79,222402.38,Posted,07-06-2026 22:00,31-05-2026 22:00,30-06-2026 22:00
5100000253,2026,4500000223,10,MAT000499,308,525327.88,Posted,07-06-2026 22:00,31-05-2026 22:00,30-06-2026 22:00
5100000254,2026,4500000224,10,MAT000784,79,72752.68,Posted,07-06-2026 22:00,31-05-2026 22:00,30-06-2026 22:00
5100000255,2026,4500000225,10,MAT001436,284,535734.76,Posted,07-06-2026 22:00,31-05-2026 22:00,30-06-2026 22:00
5100000256,2026,4500000226,10,MAT000156,403,1159926.69,Posted,07-06-2026 22:00,31-05-2026 22:00,30-06-2026 22:00
5100000257,2026,4500000227,10,MAT000375,477,962896.05,Posted,07-06-2026 22:00,31-05-2026 22:00,30-06-2026 22:00
5100000258,2026,4500000228,10,MAT001710,125,102687.5,Posted,07-06-2026 22:00,31-05-2026 22:00,30-06-2026 22:00
5100000259,2026,4500000229,10,MAT001958,491,146190.34,Posted,07-06-2026 22:00,31-05-2026 22:00,30-06-2026 22:00
5100000260,2026,4500000230,10,MAT001009,210,458182.2,Posted,07-06-2026 22:00,31-05-2026 22:00,30-06-2026 22:00
5100000261,2026,4500000231,10,MAT000263,133,350034.72,Posted,07-06-2026 22:00,31-05-2026 22:00,30-06-2026 22:00
5100000262,2026,4500000231,20,MAT001406,197,274454.49,Posted,07-06-2026 22:00,31-05-2026 22:00,30-06-2026 22:00
5100000263,2026,4500000232,10,MAT001381,372,20181,Posted,07-06-2026 22:00,31-05-2026 22:00,30-06-2026 22:00
5100000264,2026,4500000233,10,MAT001124,461,427559.06,Posted,07-06-2026 22:00,31-05-2026 22:00,30-06-2026 22:00
5100000265,2026,4500000234,10,MAT000432,114,200438.22,Posted,07-06-2026 22:00,31-05-2026 22:00,30-06-2026 22:00
5100000266,2026,4500000235,10,MAT000269,250,162530,Posted,07-06-2026 22:00,31-05-2026 22:00,30-06-2026 22:00
5100000267,2026,4500000235,20,MAT000781,304,464195.84,Posted,07-06-2026 22:00,31-05-2026 22:00,30-06-2026 22:00
5100000268,2026,4500000236,10,MAT001830,235,413858.5,Posted,07-06-2026 22:00,31-05-2026 22:00,30-06-2026 22:00
5100000269,2026,4500000237,10,MAT000098,307,923545.03,Posted,07-06-2026 22:00,31-05-2026 22:00,30-06-2026 22:00
5100000270,2026,4500000238,10,MAT000198,263,773333.09,Posted,07-06-2026 22:00,31-05-2026 22:00,30-06-2026 22:00
5100000271,2026,4500000239,10,MAT001659,306,600457.68,Posted,07-06-2026 22:00,31-05-2026 22:00,30-06-2026 22:00
5100000272,2026,4500000240,10,MAT001241,464,1107363.84,Posted,07-06-2026 22:00,31-05-2026 22:00,30-06-2026 22:00
5100000273,2026,4500000241,10,MAT000999,186,439769.1,Posted,07-06-2026 22:00,31-05-2026 22:00,30-06-2026 22:00
5100000274,2026,4500000242,10,MAT001779,343,1148765.31,Posted,07-06-2026 22:00,31-05-2026 22:00,30-06-2026 22:00
5100000275,2026,4500000243,10,MAT000468,60,35277,Posted,07-06-2026 22:00,31-05-2026 22:00,30-06-2026 22:00
5100000276,2026,4500000244,10,MAT001818,350,489723.5,Posted,07-06-2026 22:00,31-05-2026 22:00,30-06-2026 22:00
5100000277,2026,4500000245,10,MAT000257,114,341246.46,Posted,07-06-2026 22:00,31-05-2026 22:00,30-06-2026 22:00
5100000278,2026,4500000246,10,MAT000196,105,147496.65,Posted,07-06-2026 22:00,31-05-2026 22:00,30-06-2026 22:00
5100000279,2026,4500000247,10,MAT000171,288,772807.68,Posted,07-06-2026 22:00,31-05-2026 22:00,30-06-2026 22:00
5100000280,2026,4500000248,10,MAT000582,137,121203.9,Posted,07-06-2026 22:00,31-05-2026 22:00,30-06-2026 22:00
5100000281,2026,4500000249,10,MAT001763,37,86240.71,Posted,07-06-2026 22:00,31-05-2026 22:00,30-06-2026 22:00
5100000282,2026,4500000250,10,MAT001943,247,122146.44,Posted,07-06-2026 22:00,31-05-2026 22:00,30-06-2026 22:00
5100000283,2026,4500000251,10,MAT000635,347,779833.92,Posted,07-06-2026 22:00,31-05-2026 22:00,30-06-2026 22:00
5100000284,2026,4500000251,20,MAT000533,177,229409.7,Posted,07-06-2026 22:00,31-05-2026 22:00,30-06-2026 22:00
5100000285,2026,4500000252,10,MAT000018,166,274806.36,Posted,07-06-2026 22:00,31-05-2026 22:00,30-06-2026 22:00
5100000286,2026,4500000253,10,MAT000015,325,269252.75,Posted,07-06-2026 22:00,31-05-2026 22:00,30-06-2026 22:00
5100000287,2026,4500000254,10,MAT001510,147,87076.92,Posted,07-06-2026 22:00,31-05-2026 22:00,30-06-2026 22:00
5100000288,2026,4500000255,10,MAT001566,340,291543.2,Posted,07-06-2026 22:00,31-05-2026 22:00,30-06-2026 22:00
5100000289,2026,4500000256,10,MAT000374,116,346938.6,Posted,07-06-2026 22:00,31-05-2026 22:00,30-06-2026 22:00
5100000290,2026,4500000257,10,MAT001276,251,243638.17,Posted,07-06-2026 22:00,31-05-2026 22:00,30-06-2026 22:00
5100000291,2026,4500000258,10,MAT001992,293,29856.7,Posted,07-06-2026 22:00,31-05-2026 22:00,30-06-2026 22:00
5100000292,2026,4500000259,10,MAT000031,139,47041.77,Posted,07-06-2026 22:00,31-05-2026 22:00,30-06-2026 22:00
5100000293,2026,4500000260,10,MAT001621,210,343623,Posted,07-06-2026 22:00,31-05-2026 22:00,30-06-2026 22:00
5100000294,2026,4500000261,10,MAT001113,417,579075.39,Posted,07-06-2026 22:00,31-05-2026 22:00,30-06-2026 22:00
5100000295,2026,4500000262,10,MAT001464,82,279761.86,Posted,07-06-2026 22:00,31-05-2026 22:00,30-06-2026 22:00
5100000296,2026,4500000263,10,MAT000193,255,657963.75,Posted,07-06-2026 22:00,31-05-2026 22:00,30-06-2026 22:00
5100000297,2026,4500000264,10,MAT000325,179,586824.65,Posted,07-06-2026 22:00,31-05-2026 22:00,30-06-2026 22:00
5100000298,2026,4500000265,10,MAT000407,266,596866.76,Posted,07-06-2026 22:00,31-05-2026 22:00,30-06-2026 22:00
5100000299,2026,4500000266,10,MAT000343,242,278948.56,Posted,07-06-2026 22:00,31-05-2026 22:00,30-06-2026 22:00
5100000300,2026,4500000267,10,MAT001415,41,83813.84,Posted,07-06-2026 22:00,31-05-2026 22:00,30-06-2026 22:00
5100000301,2026,4500000268,10,MAT001405,100,176222,Posted,07-06-2026 22:00,31-05-2026 22:00,30-06-2026 22:00
5100000302,2026,4500000269,10,MAT001621,98,241287.76,Posted,07-06-2026 22:00,31-05-2026 22:00,30-06-2026 22:00
5100000303,2026,4500000270,10,MAT000712,423,958154.22,Posted,07-06-2026 22:00,31-05-2026 22:00,30-06-2026 22:00
5100000304,2026,4500000271,10,MAT001841,390,192344.1,Posted,07-06-2026 22:00,31-05-2026 22:00,30-06-2026 22:00
5100000305,2026,4500000271,20,MAT001161,376,649754.32,Posted,07-06-2026 22:00,31-05-2026 22:00,30-06-2026 22:00
5100000306,2026,4500000272,10,MAT001873,464,1352068.16,Posted,07-06-2026 22:00,31-05-2026 22:00,30-06-2026 22:00
5100000307,2026,4500000273,10,MAT001110,171,491194.08,Posted,07-06-2026 22:00,31-05-2026 22:00,30-06-2026 22:00
5100000308,2026,4500000274,10,MAT001755,472,42503.6,Posted,07-06-2026 22:00,31-05-2026 22:00,30-06-2026 22:00
5100000309,2026,4500000275,10,MAT000389,295,847004,Posted,07-06-2026 22:00,31-05-2026 22:00,30-06-2026 22:00
5100000310,2026,4500000275,20,MAT001313,164,187950.56,Posted,07-06-2026 22:00,31-05-2026 22:00,30-06-2026 22:00
5100000311,2026,4500000276,10,MAT000366,447,1467880.95,Posted,07-06-2026 22:00,31-05-2026 22:00,30-06-2026 22:00
5100000312,2026,4500000277,10,MAT001713,36,72333.72,Posted,07-06-2026 22:00,31-05-2026 22:00,30-06-2026 22:00
5100000313,2026,4500000278,10,MAT001471,207,163946.07,Posted,07-06-2026 22:00,31-05-2026 22:00,30-06-2026 22:00
5100000314,2026,4500000279,10,MAT000125,259,727411.86,Posted,07-06-2026 22:00,31-05-2026 22:00,30-06-2026 22:00
5100000315,2026,4500000280,10,MAT001504,156,290682.6,Posted,07-06-2026 22:00,31-05-2026 22:00,30-06-2026 22:00
5100000316,2026,4500000281,10,MAT000790,391,323665.89,Posted,07-06-2026 22:00,31-05-2026 22:00,30-06-2026 22:00
5100000317,2026,4500000282,10,MAT001144,340,1127973.8,Posted,07-06-2026 22:00,31-05-2026 22:00,30-06-2026 22:00
5100000318,2026,4500000283,10,MAT000875,254,626455.44,Posted,07-06-2026 22:00,31-05-2026 22:00,30-06-2026 22:00
5100000319,2026,4500000284,10,MAT001094,192,443504.64,Posted,07-06-2026 22:00,31-05-2026 22:00,30-06-2026 22:00
5100000320,2026,4500000285,10,MAT000882,231,619204.74,Posted,07-06-2026 22:00,31-05-2026 22:00,30-06-2026 22:00
5100000321,2026,4500000286,10,MAT001525,412,798076.96,Posted,07-06-2026 22:00,31-05-2026 22:00,30-06-2026 22:00
5100000322,2026,4500000287,10,MAT000583,391,56870.95,Posted,07-06-2026 22:00,31-05-2026 22:00,30-06-2026 22:00
5100000323,2026,4500000288,10,MAT000440,173,596118.21,Posted,07-06-2026 22:00,31-05-2026 22:00,30-06-2026 22:00
5100000324,2026,4500000289,10,MAT000320,39,63366.81,Posted,07-06-2026 22:00,31-05-2026 22:00,30-06-2026 22:00
5100000325,2026,4500000290,10,MAT000189,151,429365.48,Posted,07-06-2026 22:00,31-05-2026 22:00,30-06-2026 22:00
5100000326,2026,4500000291,10,MAT001000,425,723265,Posted,07-06-2026 22:00,31-05-2026 22:00,30-06-2026 22:00
5100000327,2026,4500000292,10,MAT001579,419,91899.27,Posted,07-06-2026 22:00,31-05-2026 22:00,30-06-2026 22:00
5100000328,2026,4500000293,10,MAT001234,402,921950.82,Posted,07-06-2026 22:00,31-05-2026 22:00,30-06-2026 22:00
5100000329,2026,4500000294,10,MAT001157,41,46519.42,Posted,07-06-2026 22:00,31-05-2026 22:00,30-06-2026 22:00
5100000330,2026,4500000295,10,MAT000805,45,106464.6,Posted,07-06-2026 22:00,31-05-2026 22:00,30-06-2026 22:00
5100000331,2026,4500000296,10,MAT000304,168,463281.84,Posted,07-06-2026 22:00,31-05-2026 22:00,30-06-2026 22:00
5100000332,2026,4500000296,20,MAT000817,224,209975.36,Posted,07-06-2026 22:00,31-05-2026 22:00,30-06-2026 22:00
5100000333,2026,4500000297,10,MAT001336,121,208158.72,Posted,07-06-2026 22:00,31-05-2026 22:00,30-06-2026 22:00
5100000334,2026,4500000298,10,MAT000881,56,53213.44,Posted,07-06-2026 22:00,31-05-2026 22:00,30-06-2026 22:00
5100000335,2026,4500000299,10,MAT000657,207,255721.59,Posted,07-06-2026 22:00,31-05-2026 22:00,30-06-2026 22:00
5100000336,2026,4500000300,10,MAT001645,335,964800,Posted,07-06-2026 22:00,31-05-2026 22:00,30-06-2026 22:00
5100000337,2026,4500000301,10,MAT000320,122,293607.64,Posted,07-06-2026 22:00,31-05-2026 22:00,30-06-2026 22:00
5100000338,2026,4500000301,20,MAT001648,27,32882.49,Posted,07-06-2026 22:00,31-05-2026 22:00,30-06-2026 22:00
5100000339,2026,4500000302,10,MAT000434,127,329761.85,Posted,07-06-2026 22:00,31-05-2026 22:00,30-06-2026 22:00
