Date_Key,Date,Year,Quarter,Month,Month_Name,Day,Weekday_Name
20230101,2023-01-01,2023,Q1,1,January,1,Sunday
20230102,2023-01-02,2023,Q1,1,January,2,Monday
20230103,2023-01-03,2023,Q1,1,January,3,Tuesday
20230104,2023-01-04,2023,Q1,1,January,4,Wednesday
20230105,2023-01-05,2023,Q1,1,January,5,Thursday
20230106,2023-01-06,2023,Q1,1,January,6,Friday
20230107,2023-01-07,2023,Q1,1,January,7,Saturday
20230108,2023-01-08,2023,Q1,1,January,8,Sunday
20230109,2023-01-09,2023,Q1,1,January,9,Monday
20230110,2023-01-10,2023,Q1,1,January,10,Tuesday
20230111,2023-01-11,2023,Q1,1,January,11,Wednesday
20230112,2023-01-12,2023,Q1,1,January,12,Thursday
20230113,2023-01-13,2023,Q1,1,January,13,Friday
20230114,2023-01-14,2023,Q1,1,January,14,Saturday
20230115,2023-01-15,2023,Q1,1,January,15,Sunday
20230116,2023-01-16,2023,Q1,1,January,16,Monday
20230117,2023-01-17,2023,Q1,1,January,17,Tuesday
20230118,2023-01-18,2023,Q1,1,January,18,Wednesday
20230119,2023-01-19,2023,Q1,1,January,19,Thursday
20230120,2023-01-20,2023,Q1,1,January,20,Friday
20230121,2023-01-21,2023,Q1,1,January,21,Saturday
20230122,2023-01-22,2023,Q1,1,January,22,Sunday
20230123,2023-01-23,2023,Q1,1,January,23,Monday
20230124,2023-01-24,2023,Q1,1,January,24,Tuesday
20230125,2023-01-25,2023,Q1,1,January,25,Wednesday
20230126,2023-01-26,2023,Q1,1,January,26,Thursday
20230127,2023-01-27,2023,Q1,1,January,27,Friday
20230128,2023-01-28,2023,Q1,1,January,28,Saturday
20230129,2023-01-29,2023,Q1,1,January,29,Sunday
20230130,2023-01-30,2023,Q1,1,January,30,Monday
20230131,2023-01-31,2023,Q1,1,January,31,Tuesday
20230201,2023-02-01,2023,Q1,2,February,1,Wednesday
20230202,2023-02-02,2023,Q1,2,February,2,Thursday
20230203,2023-02-03,2023,Q1,2,February,3,Friday
20230204,2023-02-04,2023,Q1,2,February,4,Saturday
20230205,2023-02-05,2023,Q1,2,February,5,Sunday
20230206,2023-02-06,2023,Q1,2,February,6,Monday
20230207,2023-02-07,2023,Q1,2,February,7,Tuesday
20230208,2023-02-08,2023,Q1,2,February,8,Wednesday
20230209,2023-02-09,2023,Q1,2,February,9,Thursday
20230210,2023-02-10,2023,Q1,2,February,10,Friday
20230211,2023-02-11,2023,Q1,2,February,11,Saturday
20230212,2023-02-12,2023,Q1,2,February,12,Sunday
20230213,2023-02-13,2023,Q1,2,February,13,Monday
20230214,2023-02-14,2023,Q1,2,February,14,Tuesday
20230215,2023-02-15,2023,Q1,2,February,15,Wednesday
20230216,2023-02-16,2023,Q1,2,February,16,Thursday
20230217,2023-02-17,2023,Q1,2,February,17,Friday
20230218,2023-02-18,2023,Q1,2,February,18,Saturday
20230219,2023-02-19,2023,Q1,2,February,19,Sunday
20230220,2023-02-20,2023,Q1,2,February,20,Monday
20230221,2023-02-21,2023,Q1,2,February,21,Tuesday
20230222,2023-02-22,2023,Q1,2,February,22,Wednesday
20230223,2023-02-23,2023,Q1,2,February,23,Thursday
20230224,2023-02-24,2023,Q1,2,February,24,Friday
20230225,2023-02-25,2023,Q1,2,February,25,Saturday
20230226,2023-02-26,2023,Q1,2,February,26,Sunday
20230227,2023-02-27,2023,Q1,2,February,27,Monday
20230228,2023-02-28,2023,Q1,2,February,28,Tuesday
20230301,2023-03-01,2023,Q1,3,March,1,Wednesday
20230302,2023-03-02,2023,Q1,3,March,2,Thursday
20230303,2023-03-03,2023,Q1,3,March,3,Friday
20230304,2023-03-04,2023,Q1,3,March,4,Saturday
20230305,2023-03-05,2023,Q1,3,March,5,Sunday
20230306,2023-03-06,2023,Q1,3,March,6,Monday
20230307,2023-03-07,2023,Q1,3,March,7,Tuesday
20230308,2023-03-08,2023,Q1,3,March,8,Wednesday
20230309,2023-03-09,2023,Q1,3,March,9,Thursday
20230310,2023-03-10,2023,Q1,3,March,10,Friday
20230311,2023-03-11,2023,Q1,3,March,11,Saturday
20230312,2023-03-12,2023,Q1,3,March,12,Sunday
20230313,2023-03-13,2023,Q1,3,March,13,Monday
20230314,2023-03-14,2023,Q1,3,March,14,Tuesday
20230315,2023-03-15,2023,Q1,3,March,15,Wednesday
20230316,2023-03-16,2023,Q1,3,March,16,Thursday
20230317,2023-03-17,2023,Q1,3,March,17,Friday
20230318,2023-03-18,2023,Q1,3,March,18,Saturday
20230319,2023-03-19,2023,Q1,3,March,19,Sunday
20230320,2023-03-20,2023,Q1,3,March,20,Monday
20230321,2023-03-21,2023,Q1,3,March,21,Tuesday
20230322,2023-03-22,2023,Q1,3,March,22,Wednesday
20230323,2023-03-23,2023,Q1,3,March,23,Thursday
20230324,2023-03-24,2023,Q1,3,March,24,Friday
20230325,2023-03-25,2023,Q1,3,March,25,Saturday
20230326,2023-03-26,2023,Q1,3,March,26,Sunday
20230327,2023-03-27,2023,Q1,3,March,27,Monday
20230328,2023-03-28,2023,Q1,3,March,28,Tuesday
20230329,2023-03-29,2023,Q1,3,March,29,Wednesday
20230330,2023-03-30,2023,Q1,3,March,30,Thursday
20230331,2023-03-31,2023,Q1,3,March,31,Friday
20230401,2023-04-01,2023,Q2,4,April,1,Saturday
20230402,2023-04-02,2023,Q2,4,April,2,Sunday
20230403,2023-04-03,2023,Q2,4,April,3,Monday
20230404,2023-04-04,2023,Q2,4,April,4,Tuesday
20230405,2023-04-05,2023,Q2,4,April,5,Wednesday
20230406,2023-04-06,2023,Q2,4,April,6,Thursday
20230407,2023-04-07,2023,Q2,4,April,7,Friday
20230408,2023-04-08,2023,Q2,4,April,8,Saturday
20230409,2023-04-09,2023,Q2,4,April,9,Sunday
20230410,2023-04-10,2023,Q2,4,April,10,Monday
20230411,2023-04-11,2023,Q2,4,April,11,Tuesday
20230412,2023-04-12,2023,Q2,4,April,12,Wednesday
20230413,2023-04-13,2023,Q2,4,April,13,Thursday
20230414,2023-04-14,2023,Q2,4,April,14,Friday
20230415,2023-04-15,2023,Q2,4,April,15,Saturday
20230416,2023-04-16,2023,Q2,4,April,16,Sunday
20230417,2023-04-17,2023,Q2,4,April,17,Monday
20230418,2023-04-18,2023,Q2,4,April,18,Tuesday
20230419,2023-04-19,2023,Q2,4,April,19,Wednesday
20230420,2023-04-20,2023,Q2,4,April,20,Thursday
20230421,2023-04-21,2023,Q2,4,April,21,Friday
20230422,2023-04-22,2023,Q2,4,April,22,Saturday
20230423,2023-04-23,2023,Q2,4,April,23,Sunday
20230424,2023-04-24,2023,Q2,4,April,24,Monday
20230425,2023-04-25,2023,Q2,4,April,25,Tuesday
20230426,2023-04-26,2023,Q2,4,April,26,Wednesday
20230427,2023-04-27,2023,Q2,4,April,27,Thursday
20230428,2023-04-28,2023,Q2,4,April,28,Friday
20230429,2023-04-29,2023,Q2,4,April,29,Saturday
20230430,2023-04-30,2023,Q2,4,April,30,Sunday
20230501,2023-05-01,2023,Q2,5,May,1,Monday
20230502,2023-05-02,2023,Q2,5,May,2,Tuesday
20230503,2023-05-03,2023,Q2,5,May,3,Wednesday
20230504,2023-05-04,2023,Q2,5,May,4,Thursday
20230505,2023-05-05,2023,Q2,5,May,5,Friday
20230506,2023-05-06,2023,Q2,5,May,6,Saturday
20230507,2023-05-07,2023,Q2,5,May,7,Sunday
20230508,2023-05-08,2023,Q2,5,May,8,Monday
20230509,2023-05-09,2023,Q2,5,May,9,Tuesday
20230510,2023-05-10,2023,Q2,5,May,10,Wednesday
20230511,2023-05-11,2023,Q2,5,May,11,Thursday
20230512,2023-05-12,2023,Q2,5,May,12,Friday
20230513,2023-05-13,2023,Q2,5,May,13,Saturday
20230514,2023-05-14,2023,Q2,5,May,14,Sunday
20230515,2023-05-15,2023,Q2,5,May,15,Monday
20230516,2023-05-16,2023,Q2,5,May,16,Tuesday
20230517,2023-05-17,2023,Q2,5,May,17,Wednesday
20230518,2023-05-18,2023,Q2,5,May,18,Thursday
20230519,2023-05-19,2023,Q2,5,May,19,Friday
20230520,2023-05-20,2023,Q2,5,May,20,Saturday
20230521,2023-05-21,2023,Q2,5,May,21,Sunday
20230522,2023-05-22,2023,Q2,5,May,22,Monday
20230523,2023-05-23,2023,Q2,5,May,23,Tuesday
20230524,2023-05-24,2023,Q2,5,May,24,Wednesday
20230525,2023-05-25,2023,Q2,5,May,25,Thursday
20230526,2023-05-26,2023,Q2,5,May,26,Friday
20230527,2023-05-27,2023,Q2,5,May,27,Saturday
20230528,2023-05-28,2023,Q2,5,May,28,Sunday
20230529,2023-05-29,2023,Q2,5,May,29,Monday
20230530,2023-05-30,2023,Q2,5,May,30,Tuesday
20230531,2023-05-31,2023,Q2,5,May,31,Wednesday
20230601,2023-06-01,2023,Q2,6,June,1,Thursday
20230602,2023-06-02,2023,Q2,6,June,2,Friday
20230603,2023-06-03,2023,Q2,6,June,3,Saturday
20230604,2023-06-04,2023,Q2,6,June,4,Sunday
20230605,2023-06-05,2023,Q2,6,June,5,Monday
20230606,2023-06-06,2023,Q2,6,June,6,Tuesday
20230607,2023-06-07,2023,Q2,6,June,7,Wednesday
20230608,2023-06-08,2023,Q2,6,June,8,Thursday
20230609,2023-06-09,2023,Q2,6,June,9,Friday
20230610,2023-06-10,2023,Q2,6,June,10,Saturday
20230611,2023-06-11,2023,Q2,6,June,11,Sunday
20230612,2023-06-12,2023,Q2,6,June,12,Monday
20230613,2023-06-13,2023,Q2,6,June,13,Tuesday
20230614,2023-06-14,2023,Q2,6,June,14,Wednesday
20230615,2023-06-15,2023,Q2,6,June,15,Thursday
20230616,2023-06-16,2023,Q2,6,June,16,Friday
20230617,2023-06-17,2023,Q2,6,June,17,Saturday
20230618,2023-06-18,2023,Q2,6,June,18,Sunday
20230619,2023-06-19,2023,Q2,6,June,19,Monday
20230620,2023-06-20,2023,Q2,6,June,20,Tuesday
20230621,2023-06-21,2023,Q2,6,June,21,Wednesday
20230622,2023-06-22,2023,Q2,6,June,22,Thursday
20230623,2023-06-23,2023,Q2,6,June,23,Friday
20230624,2023-06-24,2023,Q2,6,June,24,Saturday
20230625,2023-06-25,2023,Q2,6,June,25,Sunday
20230626,2023-06-26,2023,Q2,6,June,26,Monday
20230627,2023-06-27,2023,Q2,6,June,27,Tuesday
20230628,2023-06-28,2023,Q2,6,June,28,Wednesday
20230629,2023-06-29,2023,Q2,6,June,29,Thursday
20230630,2023-06-30,2023,Q2,6,June,30,Friday
20230701,2023-07-01,2023,Q3,7,July,1,Saturday
20230702,2023-07-02,2023,Q3,7,July,2,Sunday
20230703,2023-07-03,2023,Q3,7,July,3,Monday
20230704,2023-07-04,2023,Q3,7,July,4,Tuesday
20230705,2023-07-05,2023,Q3,7,July,5,Wednesday
20230706,2023-07-06,2023,Q3,7,July,6,Thursday
20230707,2023-07-07,2023,Q3,7,July,7,Friday
20230708,2023-07-08,2023,Q3,7,July,8,Saturday
20230709,2023-07-09,2023,Q3,7,July,9,Sunday
20230710,2023-07-10,2023,Q3,7,July,10,Monday
20230711,2023-07-11,2023,Q3,7,July,11,Tuesday
20230712,2023-07-12,2023,Q3,7,July,12,Wednesday
20230713,2023-07-13,2023,Q3,7,July,13,Thursday
20230714,2023-07-14,2023,Q3,7,July,14,Friday
20230715,2023-07-15,2023,Q3,7,July,15,Saturday
20230716,2023-07-16,2023,Q3,7,July,16,Sunday
20230717,2023-07-17,2023,Q3,7,July,17,Monday
20230718,2023-07-18,2023,Q3,7,July,18,Tuesday
20230719,2023-07-19,2023,Q3,7,July,19,Wednesday
20230720,2023-07-20,2023,Q3,7,July,20,Thursday
20230721,2023-07-21,2023,Q3,7,July,21,Friday
20230722,2023-07-22,2023,Q3,7,July,22,Saturday
20230723,2023-07-23,2023,Q3,7,July,23,Sunday
20230724,2023-07-24,2023,Q3,7,July,24,Monday
20230725,2023-07-25,2023,Q3,7,July,25,Tuesday
20230726,2023-07-26,2023,Q3,7,July,26,Wednesday
20230727,2023-07-27,2023,Q3,7,July,27,Thursday
20230728,2023-07-28,2023,Q3,7,July,28,Friday
20230729,2023-07-29,2023,Q3,7,July,29,Saturday
20230730,2023-07-30,2023,Q3,7,July,30,Sunday
20230731,2023-07-31,2023,Q3,7,July,31,Monday
20230801,2023-08-01,2023,Q3,8,August,1,Tuesday
20230802,2023-08-02,2023,Q3,8,August,2,Wednesday
20230803,2023-08-03,2023,Q3,8,August,3,Thursday
20230804,2023-08-04,2023,Q3,8,August,4,Friday
20230805,2023-08-05,2023,Q3,8,August,5,Saturday
20230806,2023-08-06,2023,Q3,8,August,6,Sunday
20230807,2023-08-07,2023,Q3,8,August,7,Monday
20230808,2023-08-08,2023,Q3,8,August,8,Tuesday
20230809,2023-08-09,2023,Q3,8,August,9,Wednesday
20230810,2023-08-10,2023,Q3,8,August,10,Thursday
20230811,2023-08-11,2023,Q3,8,August,11,Friday
20230812,2023-08-12,2023,Q3,8,August,12,Saturday
20230813,2023-08-13,2023,Q3,8,August,13,Sunday
20230814,2023-08-14,2023,Q3,8,August,14,Monday
20230815,2023-08-15,2023,Q3,8,August,15,Tuesday
20230816,2023-08-16,2023,Q3,8,August,16,Wednesday
20230817,2023-08-17,2023,Q3,8,August,17,Thursday
20230818,2023-08-18,2023,Q3,8,August,18,Friday
20230819,2023-08-19,2023,Q3,8,August,19,Saturday
20230820,2023-08-20,2023,Q3,8,August,20,Sunday
20230821,2023-08-21,2023,Q3,8,August,21,Monday
20230822,2023-08-22,2023,Q3,8,August,22,Tuesday
20230823,2023-08-23,2023,Q3,8,August,23,Wednesday
20230824,2023-08-24,2023,Q3,8,August,24,Thursday
20230825,2023-08-25,2023,Q3,8,August,25,Friday
20230826,2023-08-26,2023,Q3,8,August,26,Saturday
20230827,2023-08-27,2023,Q3,8,August,27,Sunday
20230828,2023-08-28,2023,Q3,8,August,28,Monday
20230829,2023-08-29,2023,Q3,8,August,29,Tuesday
20230830,2023-08-30,2023,Q3,8,August,30,Wednesday
20230831,2023-08-31,2023,Q3,8,August,31,Thursday
20230901,2023-09-01,2023,Q3,9,September,1,Friday
20230902,2023-09-02,2023,Q3,9,September,2,Saturday
20230903,2023-09-03,2023,Q3,9,September,3,Sunday
20230904,2023-09-04,2023,Q3,9,September,4,Monday
20230905,2023-09-05,2023,Q3,9,September,5,Tuesday
20230906,2023-09-06,2023,Q3,9,September,6,Wednesday
20230907,2023-09-07,2023,Q3,9,September,7,Thursday
20230908,2023-09-08,2023,Q3,9,September,8,Friday
20230909,2023-09-09,2023,Q3,9,September,9,Saturday
20230910,2023-09-10,2023,Q3,9,September,10,Sunday
20230911,2023-09-11,2023,Q3,9,September,11,Monday
20230912,2023-09-12,2023,Q3,9,September,12,Tuesday
20230913,2023-09-13,2023,Q3,9,September,13,Wednesday
20230914,2023-09-14,2023,Q3,9,September,14,Thursday
20230915,2023-09-15,2023,Q3,9,September,15,Friday
20230916,2023-09-16,2023,Q3,9,September,16,Saturday
20230917,2023-09-17,2023,Q3,9,September,17,Sunday
20230918,2023-09-18,2023,Q3,9,September,18,Monday
20230919,2023-09-19,2023,Q3,9,September,19,Tuesday
20230920,2023-09-20,2023,Q3,9,September,20,Wednesday
20230921,2023-09-21,2023,Q3,9,September,21,Thursday
20230922,2023-09-22,2023,Q3,9,September,22,Friday
20230923,2023-09-23,2023,Q3,9,September,23,Saturday
20230924,2023-09-24,2023,Q3,9,September,24,Sunday
20230925,2023-09-25,2023,Q3,9,September,25,Monday
20230926,2023-09-26,2023,Q3,9,September,26,Tuesday
20230927,2023-09-27,2023,Q3,9,September,27,Wednesday
20230928,2023-09-28,2023,Q3,9,September,28,Thursday
20230929,2023-09-29,2023,Q3,9,September,29,Friday
20230930,2023-09-30,2023,Q3,9,September,30,Saturday
20231001,2023-10-01,2023,Q4,10,October,1,Sunday
20231002,2023-10-02,2023,Q4,10,October,2,Monday
20231003,2023-10-03,2023,Q4,10,October,3,Tuesday
20231004,2023-10-04,2023,Q4,10,October,4,Wednesday
20231005,2023-10-05,2023,Q4,10,October,5,Thursday
20231006,2023-10-06,2023,Q4,10,October,6,Friday
20231007,2023-10-07,2023,Q4,10,October,7,Saturday
20231008,2023-10-08,2023,Q4,10,October,8,Sunday
20231009,2023-10-09,2023,Q4,10,October,9,Monday
20231010,2023-10-10,2023,Q4,10,October,10,Tuesday
20231011,2023-10-11,2023,Q4,10,October,11,Wednesday
20231012,2023-10-12,2023,Q4,10,October,12,Thursday
20231013,2023-10-13,2023,Q4,10,October,13,Friday
20231014,2023-10-14,2023,Q4,10,October,14,Saturday
20231015,2023-10-15,2023,Q4,10,October,15,Sunday
20231016,2023-10-16,2023,Q4,10,October,16,Monday
20231017,2023-10-17,2023,Q4,10,October,17,Tuesday
20231018,2023-10-18,2023,Q4,10,October,18,Wednesday
20231019,2023-10-19,2023,Q4,10,October,19,Thursday
20231020,2023-10-20,2023,Q4,10,October,20,Friday
20231021,2023-10-21,2023,Q4,10,October,21,Saturday
20231022,2023-10-22,2023,Q4,10,October,22,Sunday
20231023,2023-10-23,2023,Q4,10,October,23,Monday
20231024,2023-10-24,2023,Q4,10,October,24,Tuesday
20231025,2023-10-25,2023,Q4,10,October,25,Wednesday
20231026,2023-10-26,2023,Q4,10,October,26,Thursday
20231027,2023-10-27,2023,Q4,10,October,27,Friday
20231028,2023-10-28,2023,Q4,10,October,28,Saturday
20231029,2023-10-29,2023,Q4,10,October,29,Sunday
20231030,2023-10-30,2023,Q4,10,October,30,Monday
20231031,2023-10-31,2023,Q4,10,October,31,Tuesday
20231101,2023-11-01,2023,Q4,11,November,1,Wednesday
20231102,2023-11-02,2023,Q4,11,November,2,Thursday
20231103,2023-11-03,2023,Q4,11,November,3,Friday
20231104,2023-11-04,2023,Q4,11,November,4,Saturday
20231105,2023-11-05,2023,Q4,11,November,5,Sunday
20231106,2023-11-06,2023,Q4,11,November,6,Monday
20231107,2023-11-07,2023,Q4,11,November,7,Tuesday
20231108,2023-11-08,2023,Q4,11,November,8,Wednesday
20231109,2023-11-09,2023,Q4,11,November,9,Thursday
20231110,2023-11-10,2023,Q4,11,November,10,Friday
20231111,2023-11-11,2023,Q4,11,November,11,Saturday
20231112,2023-11-12,2023,Q4,11,November,12,Sunday
20231113,2023-11-13,2023,Q4,11,November,13,Monday
20231114,2023-11-14,2023,Q4,11,November,14,Tuesday
20231115,2023-11-15,2023,Q4,11,November,15,Wednesday
20231116,2023-11-16,2023,Q4,11,November,16,Thursday
20231117,2023-11-17,2023,Q4,11,November,17,Friday
20231118,2023-11-18,2023,Q4,11,November,18,Saturday
20231119,2023-11-19,2023,Q4,11,November,19,Sunday
20231120,2023-11-20,2023,Q4,11,November,20,Monday
20231121,2023-11-21,2023,Q4,11,November,21,Tuesday
20231122,2023-11-22,2023,Q4,11,November,22,Wednesday
20231123,2023-11-23,2023,Q4,11,November,23,Thursday
20231124,2023-11-24,2023,Q4,11,November,24,Friday
20231125,2023-11-25,2023,Q4,11,November,25,Saturday
20231126,2023-11-26,2023,Q4,11,November,26,Sunday
20231127,2023-11-27,2023,Q4,11,November,27,Monday
20231128,2023-11-28,2023,Q4,11,November,28,Tuesday
20231129,2023-11-29,2023,Q4,11,November,29,Wednesday
20231130,2023-11-30,2023,Q4,11,November,30,Thursday
20231201,2023-12-01,2023,Q4,12,December,1,Friday
20231202,2023-12-02,2023,Q4,12,December,2,Saturday
20231203,2023-12-03,2023,Q4,12,December,3,Sunday
20231204,2023-12-04,2023,Q4,12,December,4,Monday
20231205,2023-12-05,2023,Q4,12,December,5,Tuesday
20231206,2023-12-06,2023,Q4,12,December,6,Wednesday
20231207,2023-12-07,2023,Q4,12,December,7,Thursday
20231208,2023-12-08,2023,Q4,12,December,8,Friday
20231209,2023-12-09,2023,Q4,12,December,9,Saturday
20231210,2023-12-10,2023,Q4,12,December,10,Sunday
20231211,2023-12-11,2023,Q4,12,December,11,Monday
20231212,2023-12-12,2023,Q4,12,December,12,Tuesday
20231213,2023-12-13,2023,Q4,12,December,13,Wednesday
20231214,2023-12-14,2023,Q4,12,December,14,Thursday
20231215,2023-12-15,2023,Q4,12,December,15,Friday
20231216,2023-12-16,2023,Q4,12,December,16,Saturday
20231217,2023-12-17,2023,Q4,12,December,17,Sunday
20231218,2023-12-18,2023,Q4,12,December,18,Monday
20231219,2023-12-19,2023,Q4,12,December,19,Tuesday
20231220,2023-12-20,2023,Q4,12,December,20,Wednesday
20231221,2023-12-21,2023,Q4,12,December,21,Thursday
20231222,2023-12-22,2023,Q4,12,December,22,Friday
20231223,2023-12-23,2023,Q4,12,December,23,Saturday
20231224,2023-12-24,2023,Q4,12,December,24,Sunday
20231225,2023-12-25,2023,Q4,12,December,25,Monday
20231226,2023-12-26,2023,Q4,12,December,26,Tuesday
20231227,2023-12-27,2023,Q4,12,December,27,Wednesday
20231228,2023-12-28,2023,Q4,12,December,28,Thursday
20231229,2023-12-29,2023,Q4,12,December,29,Friday
20231230,2023-12-30,2023,Q4,12,December,30,Saturday
20231231,2023-12-31,2023,Q4,12,December,31,Sunday
20240101,2024-01-01,2024,Q1,1,January,1,Monday
20240102,2024-01-02,2024,Q1,1,January,2,Tuesday
20240103,2024-01-03,2024,Q1,1,January,3,Wednesday
20240104,2024-01-04,2024,Q1,1,January,4,Thursday
20240105,2024-01-05,2024,Q1,1,January,5,Friday
20240106,2024-01-06,2024,Q1,1,January,6,Saturday
20240107,2024-01-07,2024,Q1,1,January,7,Sunday
20240108,2024-01-08,2024,Q1,1,January,8,Monday
20240109,2024-01-09,2024,Q1,1,January,9,Tuesday
20240110,2024-01-10,2024,Q1,1,January,10,Wednesday
20240111,2024-01-11,2024,Q1,1,January,11,Thursday
20240112,2024-01-12,2024,Q1,1,January,12,Friday
20240113,2024-01-13,2024,Q1,1,January,13,Saturday
20240114,2024-01-14,2024,Q1,1,January,14,Sunday
20240115,2024-01-15,2024,Q1,1,January,15,Monday
20240116,2024-01-16,2024,Q1,1,January,16,Tuesday
20240117,2024-01-17,2024,Q1,1,January,17,Wednesday
20240118,2024-01-18,2024,Q1,1,January,18,Thursday
20240119,2024-01-19,2024,Q1,1,January,19,Friday
20240120,2024-01-20,2024,Q1,1,January,20,Saturday
20240121,2024-01-21,2024,Q1,1,January,21,Sunday
20240122,2024-01-22,2024,Q1,1,January,22,Monday
20240123,2024-01-23,2024,Q1,1,January,23,Tuesday
20240124,2024-01-24,2024,Q1,1,January,24,Wednesday
20240125,2024-01-25,2024,Q1,1,January,25,Thursday
20240126,2024-01-26,2024,Q1,1,January,26,Friday
20240127,2024-01-27,2024,Q1,1,January,27,Saturday
20240128,2024-01-28,2024,Q1,1,January,28,Sunday
20240129,2024-01-29,2024,Q1,1,January,29,Monday
20240130,2024-01-30,2024,Q1,1,January,30,Tuesday
20240131,2024-01-31,2024,Q1,1,January,31,Wednesday
20240201,2024-02-01,2024,Q1,2,February,1,Thursday
20240202,2024-02-02,2024,Q1,2,February,2,Friday
20240203,2024-02-03,2024,Q1,2,February,3,Saturday
20240204,2024-02-04,2024,Q1,2,February,4,Sunday
20240205,2024-02-05,2024,Q1,2,February,5,Monday
20240206,2024-02-06,2024,Q1,2,February,6,Tuesday
20240207,2024-02-07,2024,Q1,2,February,7,Wednesday
20240208,2024-02-08,2024,Q1,2,February,8,Thursday
20240209,2024-02-09,2024,Q1,2,February,9,Friday
20240210,2024-02-10,2024,Q1,2,February,10,Saturday
20240211,2024-02-11,2024,Q1,2,February,11,Sunday
20240212,2024-02-12,2024,Q1,2,February,12,Monday
20240213,2024-02-13,2024,Q1,2,February,13,Tuesday
20240214,2024-02-14,2024,Q1,2,February,14,Wednesday
20240215,2024-02-15,2024,Q1,2,February,15,Thursday
20240216,2024-02-16,2024,Q1,2,February,16,Friday
20240217,2024-02-17,2024,Q1,2,February,17,Saturday
20240218,2024-02-18,2024,Q1,2,February,18,Sunday
20240219,2024-02-19,2024,Q1,2,February,19,Monday
20240220,2024-02-20,2024,Q1,2,February,20,Tuesday
20240221,2024-02-21,2024,Q1,2,February,21,Wednesday
20240222,2024-02-22,2024,Q1,2,February,22,Thursday
20240223,2024-02-23,2024,Q1,2,February,23,Friday
20240224,2024-02-24,2024,Q1,2,February,24,Saturday
20240225,2024-02-25,2024,Q1,2,February,25,Sunday
20240226,2024-02-26,2024,Q1,2,February,26,Monday
20240227,2024-02-27,2024,Q1,2,February,27,Tuesday
20240228,2024-02-28,2024,Q1,2,February,28,Wednesday
20240229,2024-02-29,2024,Q1,2,February,29,Thursday
20240301,2024-03-01,2024,Q1,3,March,1,Friday
20240302,2024-03-02,2024,Q1,3,March,2,Saturday
20240303,2024-03-03,2024,Q1,3,March,3,Sunday
20240304,2024-03-04,2024,Q1,3,March,4,Monday
20240305,2024-03-05,2024,Q1,3,March,5,Tuesday
20240306,2024-03-06,2024,Q1,3,March,6,Wednesday
20240307,2024-03-07,2024,Q1,3,March,7,Thursday
20240308,2024-03-08,2024,Q1,3,March,8,Friday
20240309,2024-03-09,2024,Q1,3,March,9,Saturday
20240310,2024-03-10,2024,Q1,3,March,10,Sunday
20240311,2024-03-11,2024,Q1,3,March,11,Monday
20240312,2024-03-12,2024,Q1,3,March,12,Tuesday
20240313,2024-03-13,2024,Q1,3,March,13,Wednesday
20240314,2024-03-14,2024,Q1,3,March,14,Thursday
20240315,2024-03-15,2024,Q1,3,March,15,Friday
20240316,2024-03-16,2024,Q1,3,March,16,Saturday
20240317,2024-03-17,2024,Q1,3,March,17,Sunday
20240318,2024-03-18,2024,Q1,3,March,18,Monday
20240319,2024-03-19,2024,Q1,3,March,19,Tuesday
20240320,2024-03-20,2024,Q1,3,March,20,Wednesday
20240321,2024-03-21,2024,Q1,3,March,21,Thursday
20240322,2024-03-22,2024,Q1,3,March,22,Friday
20240323,2024-03-23,2024,Q1,3,March,23,Saturday
20240324,2024-03-24,2024,Q1,3,March,24,Sunday
20240325,2024-03-25,2024,Q1,3,March,25,Monday
20240326,2024-03-26,2024,Q1,3,March,26,Tuesday
20240327,2024-03-27,2024,Q1,3,March,27,Wednesday
20240328,2024-03-28,2024,Q1,3,March,28,Thursday
20240329,2024-03-29,2024,Q1,3,March,29,Friday
20240330,2024-03-30,2024,Q1,3,March,30,Saturday
20240331,2024-03-31,2024,Q1,3,March,31,Sunday
20240401,2024-04-01,2024,Q2,4,April,1,Monday
20240402,2024-04-02,2024,Q2,4,April,2,Tuesday
20240403,2024-04-03,2024,Q2,4,April,3,Wednesday
20240404,2024-04-04,2024,Q2,4,April,4,Thursday
20240405,2024-04-05,2024,Q2,4,April,5,Friday
20240406,2024-04-06,2024,Q2,4,April,6,Saturday
20240407,2024-04-07,2024,Q2,4,April,7,Sunday
20240408,2024-04-08,2024,Q2,4,April,8,Monday
20240409,2024-04-09,2024,Q2,4,April,9,Tuesday
20240410,2024-04-10,2024,Q2,4,April,10,Wednesday
20240411,2024-04-11,2024,Q2,4,April,11,Thursday
20240412,2024-04-12,2024,Q2,4,April,12,Friday
20240413,2024-04-13,2024,Q2,4,April,13,Saturday
20240414,2024-04-14,2024,Q2,4,April,14,Sunday
20240415,2024-04-15,2024,Q2,4,April,15,Monday
20240416,2024-04-16,2024,Q2,4,April,16,Tuesday
20240417,2024-04-17,2024,Q2,4,April,17,Wednesday
20240418,2024-04-18,2024,Q2,4,April,18,Thursday
20240419,2024-04-19,2024,Q2,4,April,19,Friday
20240420,2024-04-20,2024,Q2,4,April,20,Saturday
20240421,2024-04-21,2024,Q2,4,April,21,Sunday
20240422,2024-04-22,2024,Q2,4,April,22,Monday
20240423,2024-04-23,2024,Q2,4,April,23,Tuesday
20240424,2024-04-24,2024,Q2,4,April,24,Wednesday
20240425,2024-04-25,2024,Q2,4,April,25,Thursday
20240426,2024-04-26,2024,Q2,4,April,26,Friday
20240427,2024-04-27,2024,Q2,4,April,27,Saturday
20240428,2024-04-28,2024,Q2,4,April,28,Sunday
20240429,2024-04-29,2024,Q2,4,April,29,Monday
20240430,2024-04-30,2024,Q2,4,April,30,Tuesday
20240501,2024-05-01,2024,Q2,5,May,1,Wednesday
20240502,2024-05-02,2024,Q2,5,May,2,Thursday
20240503,2024-05-03,2024,Q2,5,May,3,Friday
20240504,2024-05-04,2024,Q2,5,May,4,Saturday
20240505,2024-05-05,2024,Q2,5,May,5,Sunday
20240506,2024-05-06,2024,Q2,5,May,6,Monday
20240507,2024-05-07,2024,Q2,5,May,7,Tuesday
20240508,2024-05-08,2024,Q2,5,May,8,Wednesday
20240509,2024-05-09,2024,Q2,5,May,9,Thursday
20240510,2024-05-10,2024,Q2,5,May,10,Friday
20240511,2024-05-11,2024,Q2,5,May,11,Saturday
20240512,2024-05-12,2024,Q2,5,May,12,Sunday
20240513,2024-05-13,2024,Q2,5,May,13,Monday
20240514,2024-05-14,2024,Q2,5,May,14,Tuesday
20240515,2024-05-15,2024,Q2,5,May,15,Wednesday
20240516,2024-05-16,2024,Q2,5,May,16,Thursday
20240517,2024-05-17,2024,Q2,5,May,17,Friday
20240518,2024-05-18,2024,Q2,5,May,18,Saturday
20240519,2024-05-19,2024,Q2,5,May,19,Sunday
20240520,2024-05-20,2024,Q2,5,May,20,Monday
20240521,2024-05-21,2024,Q2,5,May,21,Tuesday
20240522,2024-05-22,2024,Q2,5,May,22,Wednesday
20240523,2024-05-23,2024,Q2,5,May,23,Thursday
20240524,2024-05-24,2024,Q2,5,May,24,Friday
20240525,2024-05-25,2024,Q2,5,May,25,Saturday
20240526,2024-05-26,2024,Q2,5,May,26,Sunday
20240527,2024-05-27,2024,Q2,5,May,27,Monday
20240528,2024-05-28,2024,Q2,5,May,28,Tuesday
20240529,2024-05-29,2024,Q2,5,May,29,Wednesday
20240530,2024-05-30,2024,Q2,5,May,30,Thursday
20240531,2024-05-31,2024,Q2,5,May,31,Friday
20240601,2024-06-01,2024,Q2,6,June,1,Saturday
20240602,2024-06-02,2024,Q2,6,June,2,Sunday
20240603,2024-06-03,2024,Q2,6,June,3,Monday
20240604,2024-06-04,2024,Q2,6,June,4,Tuesday
20240605,2024-06-05,2024,Q2,6,June,5,Wednesday
20240606,2024-06-06,2024,Q2,6,June,6,Thursday
20240607,2024-06-07,2024,Q2,6,June,7,Friday
20240608,2024-06-08,2024,Q2,6,June,8,Saturday
20240609,2024-06-09,2024,Q2,6,June,9,Sunday
20240610,2024-06-10,2024,Q2,6,June,10,Monday
20240611,2024-06-11,2024,Q2,6,June,11,Tuesday
20240612,2024-06-12,2024,Q2,6,June,12,Wednesday
20240613,2024-06-13,2024,Q2,6,June,13,Thursday
20240614,2024-06-14,2024,Q2,6,June,14,Friday
20240615,2024-06-15,2024,Q2,6,June,15,Saturday
20240616,2024-06-16,2024,Q2,6,June,16,Sunday
20240617,2024-06-17,2024,Q2,6,June,17,Monday
20240618,2024-06-18,2024,Q2,6,June,18,Tuesday
20240619,2024-06-19,2024,Q2,6,June,19,Wednesday
20240620,2024-06-20,2024,Q2,6,June,20,Thursday
20240621,2024-06-21,2024,Q2,6,June,21,Friday
20240622,2024-06-22,2024,Q2,6,June,22,Saturday
20240623,2024-06-23,2024,Q2,6,June,23,Sunday
20240624,2024-06-24,2024,Q2,6,June,24,Monday
20240625,2024-06-25,2024,Q2,6,June,25,Tuesday
20240626,2024-06-26,2024,Q2,6,June,26,Wednesday
20240627,2024-06-27,2024,Q2,6,June,27,Thursday
20240628,2024-06-28,2024,Q2,6,June,28,Friday
20240629,2024-06-29,2024,Q2,6,June,29,Saturday
20240630,2024-06-30,2024,Q2,6,June,30,Sunday
20240701,2024-07-01,2024,Q3,7,July,1,Monday
20240702,2024-07-02,2024,Q3,7,July,2,Tuesday
20240703,2024-07-03,2024,Q3,7,July,3,Wednesday
20240704,2024-07-04,2024,Q3,7,July,4,Thursday
20240705,2024-07-05,2024,Q3,7,July,5,Friday
20240706,2024-07-06,2024,Q3,7,July,6,Saturday
20240707,2024-07-07,2024,Q3,7,July,7,Sunday
20240708,2024-07-08,2024,Q3,7,July,8,Monday
20240709,2024-07-09,2024,Q3,7,July,9,Tuesday
20240710,2024-07-10,2024,Q3,7,July,10,Wednesday
20240711,2024-07-11,2024,Q3,7,July,11,Thursday
20240712,2024-07-12,2024,Q3,7,July,12,Friday
20240713,2024-07-13,2024,Q3,7,July,13,Saturday
20240714,2024-07-14,2024,Q3,7,July,14,Sunday
20240715,2024-07-15,2024,Q3,7,July,15,Monday
20240716,2024-07-16,2024,Q3,7,July,16,Tuesday
20240717,2024-07-17,2024,Q3,7,July,17,Wednesday
20240718,2024-07-18,2024,Q3,7,July,18,Thursday
20240719,2024-07-19,2024,Q3,7,July,19,Friday
20240720,2024-07-20,2024,Q3,7,July,20,Saturday
20240721,2024-07-21,2024,Q3,7,July,21,Sunday
20240722,2024-07-22,2024,Q3,7,July,22,Monday
20240723,2024-07-23,2024,Q3,7,July,23,Tuesday
20240724,2024-07-24,2024,Q3,7,July,24,Wednesday
20240725,2024-07-25,2024,Q3,7,July,25,Thursday
20240726,2024-07-26,2024,Q3,7,July,26,Friday
20240727,2024-07-27,2024,Q3,7,July,27,Saturday
20240728,2024-07-28,2024,Q3,7,July,28,Sunday
20240729,2024-07-29,2024,Q3,7,July,29,Monday
20240730,2024-07-30,2024,Q3,7,July,30,Tuesday
20240731,2024-07-31,2024,Q3,7,July,31,Wednesday
20240801,2024-08-01,2024,Q3,8,August,1,Thursday
20240802,2024-08-02,2024,Q3,8,August,2,Friday
20240803,2024-08-03,2024,Q3,8,August,3,Saturday
20240804,2024-08-04,2024,Q3,8,August,4,Sunday
20240805,2024-08-05,2024,Q3,8,August,5,Monday
20240806,2024-08-06,2024,Q3,8,August,6,Tuesday
20240807,2024-08-07,2024,Q3,8,August,7,Wednesday
20240808,2024-08-08,2024,Q3,8,August,8,Thursday
20240809,2024-08-09,2024,Q3,8,August,9,Friday
20240810,2024-08-10,2024,Q3,8,August,10,Saturday
20240811,2024-08-11,2024,Q3,8,August,11,Sunday
20240812,2024-08-12,2024,Q3,8,August,12,Monday
20240813,2024-08-13,2024,Q3,8,August,13,Tuesday
20240814,2024-08-14,2024,Q3,8,August,14,Wednesday
20240815,2024-08-15,2024,Q3,8,August,15,Thursday
20240816,2024-08-16,2024,Q3,8,August,16,Friday
20240817,2024-08-17,2024,Q3,8,August,17,Saturday
20240818,2024-08-18,2024,Q3,8,August,18,Sunday
20240819,2024-08-19,2024,Q3,8,August,19,Monday
20240820,2024-08-20,2024,Q3,8,August,20,Tuesday
20240821,2024-08-21,2024,Q3,8,August,21,Wednesday
20240822,2024-08-22,2024,Q3,8,August,22,Thursday
20240823,2024-08-23,2024,Q3,8,August,23,Friday
20240824,2024-08-24,2024,Q3,8,August,24,Saturday
20240825,2024-08-25,2024,Q3,8,August,25,Sunday
20240826,2024-08-26,2024,Q3,8,August,26,Monday
20240827,2024-08-27,2024,Q3,8,August,27,Tuesday
20240828,2024-08-28,2024,Q3,8,August,28,Wednesday
20240829,2024-08-29,2024,Q3,8,August,29,Thursday
20240830,2024-08-30,2024,Q3,8,August,30,Friday
20240831,2024-08-31,2024,Q3,8,August,31,Saturday
20240901,2024-09-01,2024,Q3,9,September,1,Sunday
20240902,2024-09-02,2024,Q3,9,September,2,Monday
20240903,2024-09-03,2024,Q3,9,September,3,Tuesday
20240904,2024-09-04,2024,Q3,9,September,4,Wednesday
20240905,2024-09-05,2024,Q3,9,September,5,Thursday
20240906,2024-09-06,2024,Q3,9,September,6,Friday
20240907,2024-09-07,2024,Q3,9,September,7,Saturday
20240908,2024-09-08,2024,Q3,9,September,8,Sunday
20240909,2024-09-09,2024,Q3,9,September,9,Monday
20240910,2024-09-10,2024,Q3,9,September,10,Tuesday
20240911,2024-09-11,2024,Q3,9,September,11,Wednesday
20240912,2024-09-12,2024,Q3,9,September,12,Thursday
20240913,2024-09-13,2024,Q3,9,September,13,Friday
20240914,2024-09-14,2024,Q3,9,September,14,Saturday
20240915,2024-09-15,2024,Q3,9,September,15,Sunday
20240916,2024-09-16,2024,Q3,9,September,16,Monday
20240917,2024-09-17,2024,Q3,9,September,17,Tuesday
20240918,2024-09-18,2024,Q3,9,September,18,Wednesday
20240919,2024-09-19,2024,Q3,9,September,19,Thursday
20240920,2024-09-20,2024,Q3,9,September,20,Friday
20240921,2024-09-21,2024,Q3,9,September,21,Saturday
20240922,2024-09-22,2024,Q3,9,September,22,Sunday
20240923,2024-09-23,2024,Q3,9,September,23,Monday
20240924,2024-09-24,2024,Q3,9,September,24,Tuesday
20240925,2024-09-25,2024,Q3,9,September,25,Wednesday
20240926,2024-09-26,2024,Q3,9,September,26,Thursday
20240927,2024-09-27,2024,Q3,9,September,27,Friday
20240928,2024-09-28,2024,Q3,9,September,28,Saturday
20240929,2024-09-29,2024,Q3,9,September,29,Sunday
20240930,2024-09-30,2024,Q3,9,September,30,Monday
20241001,2024-10-01,2024,Q4,10,October,1,Tuesday
20241002,2024-10-02,2024,Q4,10,October,2,Wednesday
20241003,2024-10-03,2024,Q4,10,October,3,Thursday
20241004,2024-10-04,2024,Q4,10,October,4,Friday
20241005,2024-10-05,2024,Q4,10,October,5,Saturday
20241006,2024-10-06,2024,Q4,10,October,6,Sunday
20241007,2024-10-07,2024,Q4,10,October,7,Monday
20241008,2024-10-08,2024,Q4,10,October,8,Tuesday
20241009,2024-10-09,2024,Q4,10,October,9,Wednesday
20241010,2024-10-10,2024,Q4,10,October,10,Thursday
20241011,2024-10-11,2024,Q4,10,October,11,Friday
20241012,2024-10-12,2024,Q4,10,October,12,Saturday
20241013,2024-10-13,2024,Q4,10,October,13,Sunday
20241014,2024-10-14,2024,Q4,10,October,14,Monday
20241015,2024-10-15,2024,Q4,10,October,15,Tuesday
20241016,2024-10-16,2024,Q4,10,October,16,Wednesday
20241017,2024-10-17,2024,Q4,10,October,17,Thursday
20241018,2024-10-18,2024,Q4,10,October,18,Friday
20241019,2024-10-19,2024,Q4,10,October,19,Saturday
20241020,2024-10-20,2024,Q4,10,October,20,Sunday
20241021,2024-10-21,2024,Q4,10,October,21,Monday
20241022,2024-10-22,2024,Q4,10,October,22,Tuesday
20241023,2024-10-23,2024,Q4,10,October,23,Wednesday
20241024,2024-10-24,2024,Q4,10,October,24,Thursday
20241025,2024-10-25,2024,Q4,10,October,25,Friday
20241026,2024-10-26,2024,Q4,10,October,26,Saturday
20241027,2024-10-27,2024,Q4,10,October,27,Sunday
20241028,2024-10-28,2024,Q4,10,October,28,Monday
20241029,2024-10-29,2024,Q4,10,October,29,Tuesday
20241030,2024-10-30,2024,Q4,10,October,30,Wednesday
20241031,2024-10-31,2024,Q4,10,October,31,Thursday
20241101,2024-11-01,2024,Q4,11,November,1,Friday
20241102,2024-11-02,2024,Q4,11,November,2,Saturday
20241103,2024-11-03,2024,Q4,11,November,3,Sunday
20241104,2024-11-04,2024,Q4,11,November,4,Monday
20241105,2024-11-05,2024,Q4,11,November,5,Tuesday
20241106,2024-11-06,2024,Q4,11,November,6,Wednesday
20241107,2024-11-07,2024,Q4,11,November,7,Thursday
20241108,2024-11-08,2024,Q4,11,November,8,Friday
20241109,2024-11-09,2024,Q4,11,November,9,Saturday
20241110,2024-11-10,2024,Q4,11,November,10,Sunday
20241111,2024-11-11,2024,Q4,11,November,11,Monday
20241112,2024-11-12,2024,Q4,11,November,12,Tuesday
20241113,2024-11-13,2024,Q4,11,November,13,Wednesday
20241114,2024-11-14,2024,Q4,11,November,14,Thursday
20241115,2024-11-15,2024,Q4,11,November,15,Friday
20241116,2024-11-16,2024,Q4,11,November,16,Saturday
20241117,2024-11-17,2024,Q4,11,November,17,Sunday
20241118,2024-11-18,2024,Q4,11,November,18,Monday
20241119,2024-11-19,2024,Q4,11,November,19,Tuesday
20241120,2024-11-20,2024,Q4,11,November,20,Wednesday
20241121,2024-11-21,2024,Q4,11,November,21,Thursday
20241122,2024-11-22,2024,Q4,11,November,22,Friday
20241123,2024-11-23,2024,Q4,11,November,23,Saturday
20241124,2024-11-24,2024,Q4,11,November,24,Sunday
20241125,2024-11-25,2024,Q4,11,November,25,Monday
20241126,2024-11-26,2024,Q4,11,November,26,Tuesday
20241127,2024-11-27,2024,Q4,11,November,27,Wednesday
20241128,2024-11-28,2024,Q4,11,November,28,Thursday
20241129,2024-11-29,2024,Q4,11,November,29,Friday
20241130,2024-11-30,2024,Q4,11,November,30,Saturday
20241201,2024-12-01,2024,Q4,12,December,1,Sunday
20241202,2024-12-02,2024,Q4,12,December,2,Monday
20241203,2024-12-03,2024,Q4,12,December,3,Tuesday
20241204,2024-12-04,2024,Q4,12,December,4,Wednesday
20241205,2024-12-05,2024,Q4,12,December,5,Thursday
20241206,2024-12-06,2024,Q4,12,December,6,Friday
20241207,2024-12-07,2024,Q4,12,December,7,Saturday
20241208,2024-12-08,2024,Q4,12,December,8,Sunday
20241209,2024-12-09,2024,Q4,12,December,9,Monday
20241210,2024-12-10,2024,Q4,12,December,10,Tuesday
20241211,2024-12-11,2024,Q4,12,December,11,Wednesday
20241212,2024-12-12,2024,Q4,12,December,12,Thursday
20241213,2024-12-13,2024,Q4,12,December,13,Friday
20241214,2024-12-14,2024,Q4,12,December,14,Saturday
20241215,2024-12-15,2024,Q4,12,December,15,Sunday
20241216,2024-12-16,2024,Q4,12,December,16,Monday
20241217,2024-12-17,2024,Q4,12,December,17,Tuesday
20241218,2024-12-18,2024,Q4,12,December,18,Wednesday
20241219,2024-12-19,2024,Q4,12,December,19,Thursday
20241220,2024-12-20,2024,Q4,12,December,20,Friday
20241221,2024-12-21,2024,Q4,12,December,21,Saturday
20241222,2024-12-22,2024,Q4,12,December,22,Sunday
20241223,2024-12-23,2024,Q4,12,December,23,Monday
20241224,2024-12-24,2024,Q4,12,December,24,Tuesday
20241225,2024-12-25,2024,Q4,12,December,25,Wednesday
20241226,2024-12-26,2024,Q4,12,December,26,Thursday
20241227,2024-12-27,2024,Q4,12,December,27,Friday
20241228,2024-12-28,2024,Q4,12,December,28,Saturday
20241229,2024-12-29,2024,Q4,12,December,29,Sunday
20241230,2024-12-30,2024,Q4,12,December,30,Monday
20241231,2024-12-31,2024,Q4,12,December,31,Tuesday
20250101,2025-01-01,2025,Q1,1,January,1,Wednesday
20250102,2025-01-02,2025,Q1,1,January,2,Thursday
20250103,2025-01-03,2025,Q1,1,January,3,Friday
20250104,2025-01-04,2025,Q1,1,January,4,Saturday
20250105,2025-01-05,2025,Q1,1,January,5,Sunday
20250106,2025-01-06,2025,Q1,1,January,6,Monday
20250107,2025-01-07,2025,Q1,1,January,7,Tuesday
20250108,2025-01-08,2025,Q1,1,January,8,Wednesday
20250109,2025-01-09,2025,Q1,1,January,9,Thursday
20250110,2025-01-10,2025,Q1,1,January,10,Friday
20250111,2025-01-11,2025,Q1,1,January,11,Saturday
20250112,2025-01-12,2025,Q1,1,January,12,Sunday
20250113,2025-01-13,2025,Q1,1,January,13,Monday
20250114,2025-01-14,2025,Q1,1,January,14,Tuesday
20250115,2025-01-15,2025,Q1,1,January,15,Wednesday
20250116,2025-01-16,2025,Q1,1,January,16,Thursday
20250117,2025-01-17,2025,Q1,1,January,17,Friday
20250118,2025-01-18,2025,Q1,1,January,18,Saturday
20250119,2025-01-19,2025,Q1,1,January,19,Sunday
20250120,2025-01-20,2025,Q1,1,January,20,Monday
20250121,2025-01-21,2025,Q1,1,January,21,Tuesday
20250122,2025-01-22,2025,Q1,1,January,22,Wednesday
20250123,2025-01-23,2025,Q1,1,January,23,Thursday
20250124,2025-01-24,2025,Q1,1,January,24,Friday
20250125,2025-01-25,2025,Q1,1,January,25,Saturday
20250126,2025-01-26,2025,Q1,1,January,26,Sunday
20250127,2025-01-27,2025,Q1,1,January,27,Monday
20250128,2025-01-28,2025,Q1,1,January,28,Tuesday
20250129,2025-01-29,2025,Q1,1,January,29,Wednesday
20250130,2025-01-30,2025,Q1,1,January,30,Thursday
20250131,2025-01-31,2025,Q1,1,January,31,Friday
20250201,2025-02-01,2025,Q1,2,February,1,Saturday
20250202,2025-02-02,2025,Q1,2,February,2,Sunday
20250203,2025-02-03,2025,Q1,2,February,3,Monday
20250204,2025-02-04,2025,Q1,2,February,4,Tuesday
20250205,2025-02-05,2025,Q1,2,February,5,Wednesday
20250206,2025-02-06,2025,Q1,2,February,6,Thursday
20250207,2025-02-07,2025,Q1,2,February,7,Friday
20250208,2025-02-08,2025,Q1,2,February,8,Saturday
20250209,2025-02-09,2025,Q1,2,February,9,Sunday
20250210,2025-02-10,2025,Q1,2,February,10,Monday
20250211,2025-02-11,2025,Q1,2,February,11,Tuesday
20250212,2025-02-12,2025,Q1,2,February,12,Wednesday
20250213,2025-02-13,2025,Q1,2,February,13,Thursday
20250214,2025-02-14,2025,Q1,2,February,14,Friday
20250215,2025-02-15,2025,Q1,2,February,15,Saturday
20250216,2025-02-16,2025,Q1,2,February,16,Sunday
20250217,2025-02-17,2025,Q1,2,February,17,Monday
20250218,2025-02-18,2025,Q1,2,February,18,Tuesday
20250219,2025-02-19,2025,Q1,2,February,19,Wednesday
20250220,2025-02-20,2025,Q1,2,February,20,Thursday
20250221,2025-02-21,2025,Q1,2,February,21,Friday
20250222,2025-02-22,2025,Q1,2,February,22,Saturday
20250223,2025-02-23,2025,Q1,2,February,23,Sunday
20250224,2025-02-24,2025,Q1,2,February,24,Monday
20250225,2025-02-25,2025,Q1,2,February,25,Tuesday
20250226,2025-02-26,2025,Q1,2,February,26,Wednesday
20250227,2025-02-27,2025,Q1,2,February,27,Thursday
20250228,2025-02-28,2025,Q1,2,February,28,Friday
20250301,2025-03-01,2025,Q1,3,March,1,Saturday
20250302,2025-03-02,2025,Q1,3,March,2,Sunday
20250303,2025-03-03,2025,Q1,3,March,3,Monday
20250304,2025-03-04,2025,Q1,3,March,4,Tuesday
20250305,2025-03-05,2025,Q1,3,March,5,Wednesday
20250306,2025-03-06,2025,Q1,3,March,6,Thursday
20250307,2025-03-07,2025,Q1,3,March,7,Friday
20250308,2025-03-08,2025,Q1,3,March,8,Saturday
20250309,2025-03-09,2025,Q1,3,March,9,Sunday
20250310,2025-03-10,2025,Q1,3,March,10,Monday
20250311,2025-03-11,2025,Q1,3,March,11,Tuesday
20250312,2025-03-12,2025,Q1,3,March,12,Wednesday
20250313,2025-03-13,2025,Q1,3,March,13,Thursday
20250314,2025-03-14,2025,Q1,3,March,14,Friday
20250315,2025-03-15,2025,Q1,3,March,15,Saturday
20250316,2025-03-16,2025,Q1,3,March,16,Sunday
20250317,2025-03-17,2025,Q1,3,March,17,Monday
20250318,2025-03-18,2025,Q1,3,March,18,Tuesday
20250319,2025-03-19,2025,Q1,3,March,19,Wednesday
20250320,2025-03-20,2025,Q1,3,March,20,Thursday
20250321,2025-03-21,2025,Q1,3,March,21,Friday
20250322,2025-03-22,2025,Q1,3,March,22,Saturday
20250323,2025-03-23,2025,Q1,3,March,23,Sunday
20250324,2025-03-24,2025,Q1,3,March,24,Monday
20250325,2025-03-25,2025,Q1,3,March,25,Tuesday
20250326,2025-03-26,2025,Q1,3,March,26,Wednesday
20250327,2025-03-27,2025,Q1,3,March,27,Thursday
20250328,2025-03-28,2025,Q1,3,March,28,Friday
20250329,2025-03-29,2025,Q1,3,March,29,Saturday
20250330,2025-03-30,2025,Q1,3,March,30,Sunday
20250331,2025-03-31,2025,Q1,3,March,31,Monday
20250401,2025-04-01,2025,Q2,4,April,1,Tuesday
20250402,2025-04-02,2025,Q2,4,April,2,Wednesday
20250403,2025-04-03,2025,Q2,4,April,3,Thursday
20250404,2025-04-04,2025,Q2,4,April,4,Friday
20250405,2025-04-05,2025,Q2,4,April,5,Saturday
20250406,2025-04-06,2025,Q2,4,April,6,Sunday
20250407,2025-04-07,2025,Q2,4,April,7,Monday
20250408,2025-04-08,2025,Q2,4,April,8,Tuesday
20250409,2025-04-09,2025,Q2,4,April,9,Wednesday
20250410,2025-04-10,2025,Q2,4,April,10,Thursday
20250411,2025-04-11,2025,Q2,4,April,11,Friday
20250412,2025-04-12,2025,Q2,4,April,12,Saturday
20250413,2025-04-13,2025,Q2,4,April,13,Sunday
20250414,2025-04-14,2025,Q2,4,April,14,Monday
20250415,2025-04-15,2025,Q2,4,April,15,Tuesday
20250416,2025-04-16,2025,Q2,4,April,16,Wednesday
20250417,2025-04-17,2025,Q2,4,April,17,Thursday
20250418,2025-04-18,2025,Q2,4,April,18,Friday
20250419,2025-04-19,2025,Q2,4,April,19,Saturday
20250420,2025-04-20,2025,Q2,4,April,20,Sunday
20250421,2025-04-21,2025,Q2,4,April,21,Monday
20250422,2025-04-22,2025,Q2,4,April,22,Tuesday
20250423,2025-04-23,2025,Q2,4,April,23,Wednesday
20250424,2025-04-24,2025,Q2,4,April,24,Thursday
20250425,2025-04-25,2025,Q2,4,April,25,Friday
20250426,2025-04-26,2025,Q2,4,April,26,Saturday
20250427,2025-04-27,2025,Q2,4,April,27,Sunday
20250428,2025-04-28,2025,Q2,4,April,28,Monday
20250429,2025-04-29,2025,Q2,4,April,29,Tuesday
20250430,2025-04-30,2025,Q2,4,April,30,Wednesday
20250501,2025-05-01,2025,Q2,5,May,1,Thursday
20250502,2025-05-02,2025,Q2,5,May,2,Friday
20250503,2025-05-03,2025,Q2,5,May,3,Saturday
20250504,2025-05-04,2025,Q2,5,May,4,Sunday
20250505,2025-05-05,2025,Q2,5,May,5,Monday
20250506,2025-05-06,2025,Q2,5,May,6,Tuesday
20250507,2025-05-07,2025,Q2,5,May,7,Wednesday
20250508,2025-05-08,2025,Q2,5,May,8,Thursday
20250509,2025-05-09,2025,Q2,5,May,9,Friday
20250510,2025-05-10,2025,Q2,5,May,10,Saturday
20250511,2025-05-11,2025,Q2,5,May,11,Sunday
20250512,2025-05-12,2025,Q2,5,May,12,Monday
20250513,2025-05-13,2025,Q2,5,May,13,Tuesday
20250514,2025-05-14,2025,Q2,5,May,14,Wednesday
20250515,2025-05-15,2025,Q2,5,May,15,Thursday
20250516,2025-05-16,2025,Q2,5,May,16,Friday
20250517,2025-05-17,2025,Q2,5,May,17,Saturday
20250518,2025-05-18,2025,Q2,5,May,18,Sunday
20250519,2025-05-19,2025,Q2,5,May,19,Monday
20250520,2025-05-20,2025,Q2,5,May,20,Tuesday
20250521,2025-05-21,2025,Q2,5,May,21,Wednesday
20250522,2025-05-22,2025,Q2,5,May,22,Thursday
20250523,2025-05-23,2025,Q2,5,May,23,Friday
20250524,2025-05-24,2025,Q2,5,May,24,Saturday
20250525,2025-05-25,2025,Q2,5,May,25,Sunday
20250526,2025-05-26,2025,Q2,5,May,26,Monday
20250527,2025-05-27,2025,Q2,5,May,27,Tuesday
20250528,2025-05-28,2025,Q2,5,May,28,Wednesday
20250529,2025-05-29,2025,Q2,5,May,29,Thursday
20250530,2025-05-30,2025,Q2,5,May,30,Friday
20250531,2025-05-31,2025,Q2,5,May,31,Saturday
20250601,2025-06-01,2025,Q2,6,June,1,Sunday
20250602,2025-06-02,2025,Q2,6,June,2,Monday
20250603,2025-06-03,2025,Q2,6,June,3,Tuesday
20250604,2025-06-04,2025,Q2,6,June,4,Wednesday
20250605,2025-06-05,2025,Q2,6,June,5,Thursday
20250606,2025-06-06,2025,Q2,6,June,6,Friday
20250607,2025-06-07,2025,Q2,6,June,7,Saturday
20250608,2025-06-08,2025,Q2,6,June,8,Sunday
20250609,2025-06-09,2025,Q2,6,June,9,Monday
20250610,2025-06-10,2025,Q2,6,June,10,Tuesday
20250611,2025-06-11,2025,Q2,6,June,11,Wednesday
20250612,2025-06-12,2025,Q2,6,June,12,Thursday
20250613,2025-06-13,2025,Q2,6,June,13,Friday
20250614,2025-06-14,2025,Q2,6,June,14,Saturday
20250615,2025-06-15,2025,Q2,6,June,15,Sunday
20250616,2025-06-16,2025,Q2,6,June,16,Monday
20250617,2025-06-17,2025,Q2,6,June,17,Tuesday
20250618,2025-06-18,2025,Q2,6,June,18,Wednesday
20250619,2025-06-19,2025,Q2,6,June,19,Thursday
20250620,2025-06-20,2025,Q2,6,June,20,Friday
20250621,2025-06-21,2025,Q2,6,June,21,Saturday
20250622,2025-06-22,2025,Q2,6,June,22,Sunday
20250623,2025-06-23,2025,Q2,6,June,23,Monday
20250624,2025-06-24,2025,Q2,6,June,24,Tuesday
20250625,2025-06-25,2025,Q2,6,June,25,Wednesday
20250626,2025-06-26,2025,Q2,6,June,26,Thursday
20250627,2025-06-27,2025,Q2,6,June,27,Friday
20250628,2025-06-28,2025,Q2,6,June,28,Saturday
20250629,2025-06-29,2025,Q2,6,June,29,Sunday
20250630,2025-06-30,2025,Q2,6,June,30,Monday
20250701,2025-07-01,2025,Q3,7,July,1,Tuesday
20250702,2025-07-02,2025,Q3,7,July,2,Wednesday
20250703,2025-07-03,2025,Q3,7,July,3,Thursday
20250704,2025-07-04,2025,Q3,7,July,4,Friday
20250705,2025-07-05,2025,Q3,7,July,5,Saturday
20250706,2025-07-06,2025,Q3,7,July,6,Sunday
20250707,2025-07-07,2025,Q3,7,July,7,Monday
20250708,2025-07-08,2025,Q3,7,July,8,Tuesday
20250709,2025-07-09,2025,Q3,7,July,9,Wednesday
20250710,2025-07-10,2025,Q3,7,July,10,Thursday
20250711,2025-07-11,2025,Q3,7,July,11,Friday
20250712,2025-07-12,2025,Q3,7,July,12,Saturday
20250713,2025-07-13,2025,Q3,7,July,13,Sunday
20250714,2025-07-14,2025,Q3,7,July,14,Monday
20250715,2025-07-15,2025,Q3,7,July,15,Tuesday
20250716,2025-07-16,2025,Q3,7,July,16,Wednesday
20250717,2025-07-17,2025,Q3,7,July,17,Thursday
20250718,2025-07-18,2025,Q3,7,July,18,Friday
20250719,2025-07-19,2025,Q3,7,July,19,Saturday
20250720,2025-07-20,2025,Q3,7,July,20,Sunday
20250721,2025-07-21,2025,Q3,7,July,21,Monday
20250722,2025-07-22,2025,Q3,7,July,22,Tuesday
20250723,2025-07-23,2025,Q3,7,July,23,Wednesday
20250724,2025-07-24,2025,Q3,7,July,24,Thursday
20250725,2025-07-25,2025,Q3,7,July,25,Friday
20250726,2025-07-26,2025,Q3,7,July,26,Saturday
20250727,2025-07-27,2025,Q3,7,July,27,Sunday
20250728,2025-07-28,2025,Q3,7,July,28,Monday
20250729,2025-07-29,2025,Q3,7,July,29,Tuesday
20250730,2025-07-30,2025,Q3,7,July,30,Wednesday
20250731,2025-07-31,2025,Q3,7,July,31,Thursday
20250801,2025-08-01,2025,Q3,8,August,1,Friday
20250802,2025-08-02,2025,Q3,8,August,2,Saturday
20250803,2025-08-03,2025,Q3,8,August,3,Sunday
20250804,2025-08-04,2025,Q3,8,August,4,Monday
20250805,2025-08-05,2025,Q3,8,August,5,Tuesday
20250806,2025-08-06,2025,Q3,8,August,6,Wednesday
20250807,2025-08-07,2025,Q3,8,August,7,Thursday
20250808,2025-08-08,2025,Q3,8,August,8,Friday
20250809,2025-08-09,2025,Q3,8,August,9,Saturday
20250810,2025-08-10,2025,Q3,8,August,10,Sunday
20250811,2025-08-11,2025,Q3,8,August,11,Monday
20250812,2025-08-12,2025,Q3,8,August,12,Tuesday
20250813,2025-08-13,2025,Q3,8,August,13,Wednesday
20250814,2025-08-14,2025,Q3,8,August,14,Thursday
20250815,2025-08-15,2025,Q3,8,August,15,Friday
20250816,2025-08-16,2025,Q3,8,August,16,Saturday
20250817,2025-08-17,2025,Q3,8,August,17,Sunday
20250818,2025-08-18,2025,Q3,8,August,18,Monday
20250819,2025-08-19,2025,Q3,8,August,19,Tuesday
20250820,2025-08-20,2025,Q3,8,August,20,Wednesday
20250821,2025-08-21,2025,Q3,8,August,21,Thursday
20250822,2025-08-22,2025,Q3,8,August,22,Friday
20250823,2025-08-23,2025,Q3,8,August,23,Saturday
20250824,2025-08-24,2025,Q3,8,August,24,Sunday
20250825,2025-08-25,2025,Q3,8,August,25,Monday
20250826,2025-08-26,2025,Q3,8,August,26,Tuesday
20250827,2025-08-27,2025,Q3,8,August,27,Wednesday
20250828,2025-08-28,2025,Q3,8,August,28,Thursday
20250829,2025-08-29,2025,Q3,8,August,29,Friday
20250830,2025-08-30,2025,Q3,8,August,30,Saturday
20250831,2025-08-31,2025,Q3,8,August,31,Sunday
20250901,2025-09-01,2025,Q3,9,September,1,Monday
20250902,2025-09-02,2025,Q3,9,September,2,Tuesday
20250903,2025-09-03,2025,Q3,9,September,3,Wednesday
20250904,2025-09-04,2025,Q3,9,September,4,Thursday
20250905,2025-09-05,2025,Q3,9,September,5,Friday
20250906,2025-09-06,2025,Q3,9,September,6,Saturday
20250907,2025-09-07,2025,Q3,9,September,7,Sunday
20250908,2025-09-08,2025,Q3,9,September,8,Monday
20250909,2025-09-09,2025,Q3,9,September,9,Tuesday
20250910,2025-09-10,2025,Q3,9,September,10,Wednesday
20250911,2025-09-11,2025,Q3,9,September,11,Thursday
20250912,2025-09-12,2025,Q3,9,September,12,Friday
20250913,2025-09-13,2025,Q3,9,September,13,Saturday
20250914,2025-09-14,2025,Q3,9,September,14,Sunday
20250915,2025-09-15,2025,Q3,9,September,15,Monday
20250916,2025-09-16,2025,Q3,9,September,16,Tuesday
20250917,2025-09-17,2025,Q3,9,September,17,Wednesday
20250918,2025-09-18,2025,Q3,9,September,18,Thursday
20250919,2025-09-19,2025,Q3,9,September,19,Friday
20250920,2025-09-20,2025,Q3,9,September,20,Saturday
20250921,2025-09-21,2025,Q3,9,September,21,Sunday
20250922,2025-09-22,2025,Q3,9,September,22,Monday
20250923,2025-09-23,2025,Q3,9,September,23,Tuesday
20250924,2025-09-24,2025,Q3,9,September,24,Wednesday
20250925,2025-09-25,2025,Q3,9,September,25,Thursday
20250926,2025-09-26,2025,Q3,9,September,26,Friday
20250927,2025-09-27,2025,Q3,9,September,27,Saturday
20250928,2025-09-28,2025,Q3,9,September,28,Sunday
20250929,2025-09-29,2025,Q3,9,September,29,Monday
20250930,2025-09-30,2025,Q3,9,September,30,Tuesday
20251001,2025-10-01,2025,Q4,10,October,1,Wednesday
20251002,2025-10-02,2025,Q4,10,October,2,Thursday
20251003,2025-10-03,2025,Q4,10,October,3,Friday
20251004,2025-10-04,2025,Q4,10,October,4,Saturday
20251005,2025-10-05,2025,Q4,10,October,5,Sunday
20251006,2025-10-06,2025,Q4,10,October,6,Monday
20251007,2025-10-07,2025,Q4,10,October,7,Tuesday
20251008,2025-10-08,2025,Q4,10,October,8,Wednesday
20251009,2025-10-09,2025,Q4,10,October,9,Thursday
20251010,2025-10-10,2025,Q4,10,October,10,Friday
20251011,2025-10-11,2025,Q4,10,October,11,Saturday
20251012,2025-10-12,2025,Q4,10,October,12,Sunday
20251013,2025-10-13,2025,Q4,10,October,13,Monday
20251014,2025-10-14,2025,Q4,10,October,14,Tuesday
20251015,2025-10-15,2025,Q4,10,October,15,Wednesday
20251016,2025-10-16,2025,Q4,10,October,16,Thursday
20251017,2025-10-17,2025,Q4,10,October,17,Friday
20251018,2025-10-18,2025,Q4,10,October,18,Saturday
20251019,2025-10-19,2025,Q4,10,October,19,Sunday
20251020,2025-10-20,2025,Q4,10,October,20,Monday
20251021,2025-10-21,2025,Q4,10,October,21,Tuesday
20251022,2025-10-22,2025,Q4,10,October,22,Wednesday
20251023,2025-10-23,2025,Q4,10,October,23,Thursday
20251024,2025-10-24,2025,Q4,10,October,24,Friday
20251025,2025-10-25,2025,Q4,10,October,25,Saturday
20251026,2025-10-26,2025,Q4,10,October,26,Sunday
20251027,2025-10-27,2025,Q4,10,October,27,Monday
20251028,2025-10-28,2025,Q4,10,October,28,Tuesday
20251029,2025-10-29,2025,Q4,10,October,29,Wednesday
20251030,2025-10-30,2025,Q4,10,October,30,Thursday
20251031,2025-10-31,2025,Q4,10,October,31,Friday
20251101,2025-11-01,2025,Q4,11,November,1,Saturday
20251102,2025-11-02,2025,Q4,11,November,2,Sunday
20251103,2025-11-03,2025,Q4,11,November,3,Monday
20251104,2025-11-04,2025,Q4,11,November,4,Tuesday
20251105,2025-11-05,2025,Q4,11,November,5,Wednesday
20251106,2025-11-06,2025,Q4,11,November,6,Thursday
20251107,2025-11-07,2025,Q4,11,November,7,Friday
20251108,2025-11-08,2025,Q4,11,November,8,Saturday
20251109,2025-11-09,2025,Q4,11,November,9,Sunday
20251110,2025-11-10,2025,Q4,11,November,10,Monday
20251111,2025-11-11,2025,Q4,11,November,11,Tuesday
20251112,2025-11-12,2025,Q4,11,November,12,Wednesday
20251113,2025-11-13,2025,Q4,11,November,13,Thursday
20251114,2025-11-14,2025,Q4,11,November,14,Friday
20251115,2025-11-15,2025,Q4,11,November,15,Saturday
20251116,2025-11-16,2025,Q4,11,November,16,Sunday
20251117,2025-11-17,2025,Q4,11,November,17,Monday
20251118,2025-11-18,2025,Q4,11,November,18,Tuesday
20251119,2025-11-19,2025,Q4,11,November,19,Wednesday
20251120,2025-11-20,2025,Q4,11,November,20,Thursday
20251121,2025-11-21,2025,Q4,11,November,21,Friday
20251122,2025-11-22,2025,Q4,11,November,22,Saturday
20251123,2025-11-23,2025,Q4,11,November,23,Sunday
20251124,2025-11-24,2025,Q4,11,November,24,Monday
20251125,2025-11-25,2025,Q4,11,November,25,Tuesday
20251126,2025-11-26,2025,Q4,11,November,26,Wednesday
20251127,2025-11-27,2025,Q4,11,November,27,Thursday
20251128,2025-11-28,2025,Q4,11,November,28,Friday
20251129,2025-11-29,2025,Q4,11,November,29,Saturday
20251130,2025-11-30,2025,Q4,11,November,30,Sunday
20251201,2025-12-01,2025,Q4,12,December,1,Monday
20251202,2025-12-02,2025,Q4,12,December,2,Tuesday
20251203,2025-12-03,2025,Q4,12,December,3,Wednesday
20251204,2025-12-04,2025,Q4,12,December,4,Thursday
20251205,2025-12-05,2025,Q4,12,December,5,Friday
20251206,2025-12-06,2025,Q4,12,December,6,Saturday
20251207,2025-12-07,2025,Q4,12,December,7,Sunday
20251208,2025-12-08,2025,Q4,12,December,8,Monday
20251209,2025-12-09,2025,Q4,12,December,9,Tuesday
20251210,2025-12-10,2025,Q4,12,December,10,Wednesday
20251211,2025-12-11,2025,Q4,12,December,11,Thursday
20251212,2025-12-12,2025,Q4,12,December,12,Friday
20251213,2025-12-13,2025,Q4,12,December,13,Saturday
20251214,2025-12-14,2025,Q4,12,December,14,Sunday
20251215,2025-12-15,2025,Q4,12,December,15,Monday
20251216,2025-12-16,2025,Q4,12,December,16,Tuesday
20251217,2025-12-17,2025,Q4,12,December,17,Wednesday
20251218,2025-12-18,2025,Q4,12,December,18,Thursday
20251219,2025-12-19,2025,Q4,12,December,19,Friday
20251220,2025-12-20,2025,Q4,12,December,20,Saturday
20251221,2025-12-21,2025,Q4,12,December,21,Sunday
20251222,2025-12-22,2025,Q4,12,December,22,Monday
20251223,2025-12-23,2025,Q4,12,December,23,Tuesday
20251224,2025-12-24,2025,Q4,12,December,24,Wednesday
20251225,2025-12-25,2025,Q4,12,December,25,Thursday
20251226,2025-12-26,2025,Q4,12,December,26,Friday
20251227,2025-12-27,2025,Q4,12,December,27,Saturday
20251228,2025-12-28,2025,Q4,12,December,28,Sunday
20251229,2025-12-29,2025,Q4,12,December,29,Monday
20251230,2025-12-30,2025,Q4,12,December,30,Tuesday
20251231,2025-12-31,2025,Q4,12,December,31,Wednesday
20260101,2026-01-01,2026,Q1,1,January,1,Thursday
20260102,2026-01-02,2026,Q1,1,January,2,Friday
20260103,2026-01-03,2026,Q1,1,January,3,Saturday
20260104,2026-01-04,2026,Q1,1,January,4,Sunday
20260105,2026-01-05,2026,Q1,1,January,5,Monday
20260106,2026-01-06,2026,Q1,1,January,6,Tuesday
20260107,2026-01-07,2026,Q1,1,January,7,Wednesday
20260108,2026-01-08,2026,Q1,1,January,8,Thursday
20260109,2026-01-09,2026,Q1,1,January,9,Friday
20260110,2026-01-10,2026,Q1,1,January,10,Saturday
20260111,2026-01-11,2026,Q1,1,January,11,Sunday
20260112,2026-01-12,2026,Q1,1,January,12,Monday
20260113,2026-01-13,2026,Q1,1,January,13,Tuesday
20260114,2026-01-14,2026,Q1,1,January,14,Wednesday
20260115,2026-01-15,2026,Q1,1,January,15,Thursday
20260116,2026-01-16,2026,Q1,1,January,16,Friday
20260117,2026-01-17,2026,Q1,1,January,17,Saturday
20260118,2026-01-18,2026,Q1,1,January,18,Sunday
20260119,2026-01-19,2026,Q1,1,January,19,Monday
20260120,2026-01-20,2026,Q1,1,January,20,Tuesday
20260121,2026-01-21,2026,Q1,1,January,21,Wednesday
20260122,2026-01-22,2026,Q1,1,January,22,Thursday
20260123,2026-01-23,2026,Q1,1,January,23,Friday
20260124,2026-01-24,2026,Q1,1,January,24,Saturday
20260125,2026-01-25,2026,Q1,1,January,25,Sunday
20260126,2026-01-26,2026,Q1,1,January,26,Monday
20260127,2026-01-27,2026,Q1,1,January,27,Tuesday
20260128,2026-01-28,2026,Q1,1,January,28,Wednesday
20260129,2026-01-29,2026,Q1,1,January,29,Thursday
20260130,2026-01-30,2026,Q1,1,January,30,Friday
20260131,2026-01-31,2026,Q1,1,January,31,Saturday
20260201,2026-02-01,2026,Q1,2,February,1,Sunday
20260202,2026-02-02,2026,Q1,2,February,2,Monday
20260203,2026-02-03,2026,Q1,2,February,3,Tuesday
20260204,2026-02-04,2026,Q1,2,February,4,Wednesday
20260205,2026-02-05,2026,Q1,2,February,5,Thursday
20260206,2026-02-06,2026,Q1,2,February,6,Friday
20260207,2026-02-07,2026,Q1,2,February,7,Saturday
20260208,2026-02-08,2026,Q1,2,February,8,Sunday
20260209,2026-02-09,2026,Q1,2,February,9,Monday
20260210,2026-02-10,2026,Q1,2,February,10,Tuesday
20260211,2026-02-11,2026,Q1,2,February,11,Wednesday
20260212,2026-02-12,2026,Q1,2,February,12,Thursday
20260213,2026-02-13,2026,Q1,2,February,13,Friday
20260214,2026-02-14,2026,Q1,2,February,14,Saturday
20260215,2026-02-15,2026,Q1,2,February,15,Sunday
20260216,2026-02-16,2026,Q1,2,February,16,Monday
20260217,2026-02-17,2026,Q1,2,February,17,Tuesday
20260218,2026-02-18,2026,Q1,2,February,18,Wednesday
20260219,2026-02-19,2026,Q1,2,February,19,Thursday
20260220,2026-02-20,2026,Q1,2,February,20,Friday
20260221,2026-02-21,2026,Q1,2,February,21,Saturday
20260222,2026-02-22,2026,Q1,2,February,22,Sunday
20260223,2026-02-23,2026,Q1,2,February,23,Monday
20260224,2026-02-24,2026,Q1,2,February,24,Tuesday
20260225,2026-02-25,2026,Q1,2,February,25,Wednesday
20260226,2026-02-26,2026,Q1,2,February,26,Thursday
20260227,2026-02-27,2026,Q1,2,February,27,Friday
20260228,2026-02-28,2026,Q1,2,February,28,Saturday
20260301,2026-03-01,2026,Q1,3,March,1,Sunday
20260302,2026-03-02,2026,Q1,3,March,2,Monday
20260303,2026-03-03,2026,Q1,3,March,3,Tuesday
20260304,2026-03-04,2026,Q1,3,March,4,Wednesday
20260305,2026-03-05,2026,Q1,3,March,5,Thursday
20260306,2026-03-06,2026,Q1,3,March,6,Friday
20260307,2026-03-07,2026,Q1,3,March,7,Saturday
20260308,2026-03-08,2026,Q1,3,March,8,Sunday
20260309,2026-03-09,2026,Q1,3,March,9,Monday
20260310,2026-03-10,2026,Q1,3,March,10,Tuesday
20260311,2026-03-11,2026,Q1,3,March,11,Wednesday
20260312,2026-03-12,2026,Q1,3,March,12,Thursday
20260313,2026-03-13,2026,Q1,3,March,13,Friday
20260314,2026-03-14,2026,Q1,3,March,14,Saturday
20260315,2026-03-15,2026,Q1,3,March,15,Sunday
20260316,2026-03-16,2026,Q1,3,March,16,Monday
20260317,2026-03-17,2026,Q1,3,March,17,Tuesday
20260318,2026-03-18,2026,Q1,3,March,18,Wednesday
20260319,2026-03-19,2026,Q1,3,March,19,Thursday
20260320,2026-03-20,2026,Q1,3,March,20,Friday
20260321,2026-03-21,2026,Q1,3,March,21,Saturday
20260322,2026-03-22,2026,Q1,3,March,22,Sunday
20260323,2026-03-23,2026,Q1,3,March,23,Monday
20260324,2026-03-24,2026,Q1,3,March,24,Tuesday
20260325,2026-03-25,2026,Q1,3,March,25,Wednesday
20260326,2026-03-26,2026,Q1,3,March,26,Thursday
20260327,2026-03-27,2026,Q1,3,March,27,Friday
20260328,2026-03-28,2026,Q1,3,March,28,Saturday
20260329,2026-03-29,2026,Q1,3,March,29,Sunday
20260330,2026-03-30,2026,Q1,3,March,30,Monday
20260331,2026-03-31,2026,Q1,3,March,31,Tuesday
20260401,2026-04-01,2026,Q2,4,April,1,Wednesday
20260402,2026-04-02,2026,Q2,4,April,2,Thursday
20260403,2026-04-03,2026,Q2,4,April,3,Friday
20260404,2026-04-04,2026,Q2,4,April,4,Saturday
20260405,2026-04-05,2026,Q2,4,April,5,Sunday
20260406,2026-04-06,2026,Q2,4,April,6,Monday
20260407,2026-04-07,2026,Q2,4,April,7,Tuesday
20260408,2026-04-08,2026,Q2,4,April,8,Wednesday
20260409,2026-04-09,2026,Q2,4,April,9,Thursday
20260410,2026-04-10,2026,Q2,4,April,10,Friday
20260411,2026-04-11,2026,Q2,4,April,11,Saturday
20260412,2026-04-12,2026,Q2,4,April,12,Sunday
20260413,2026-04-13,2026,Q2,4,April,13,Monday
20260414,2026-04-14,2026,Q2,4,April,14,Tuesday
20260415,2026-04-15,2026,Q2,4,April,15,Wednesday
20260416,2026-04-16,2026,Q2,4,April,16,Thursday
20260417,2026-04-17,2026,Q2,4,April,17,Friday
20260418,2026-04-18,2026,Q2,4,April,18,Saturday
20260419,2026-04-19,2026,Q2,4,April,19,Sunday
20260420,2026-04-20,2026,Q2,4,April,20,Monday
20260421,2026-04-21,2026,Q2,4,April,21,Tuesday
20260422,2026-04-22,2026,Q2,4,April,22,Wednesday
20260423,2026-04-23,2026,Q2,4,April,23,Thursday
20260424,2026-04-24,2026,Q2,4,April,24,Friday
20260425,2026-04-25,2026,Q2,4,April,25,Saturday
20260426,2026-04-26,2026,Q2,4,April,26,Sunday
20260427,2026-04-27,2026,Q2,4,April,27,Monday
20260428,2026-04-28,2026,Q2,4,April,28,Tuesday
20260429,2026-04-29,2026,Q2,4,April,29,Wednesday
20260430,2026-04-30,2026,Q2,4,April,30,Thursday
20260501,2026-05-01,2026,Q2,5,May,1,Friday
20260502,2026-05-02,2026,Q2,5,May,2,Saturday
20260503,2026-05-03,2026,Q2,5,May,3,Sunday
20260504,2026-05-04,2026,Q2,5,May,4,Monday
20260505,2026-05-05,2026,Q2,5,May,5,Tuesday
20260506,2026-05-06,2026,Q2,5,May,6,Wednesday
20260507,2026-05-07,2026,Q2,5,May,7,Thursday
20260508,2026-05-08,2026,Q2,5,May,8,Friday
20260509,2026-05-09,2026,Q2,5,May,9,Saturday
20260510,2026-05-10,2026,Q2,5,May,10,Sunday
20260511,2026-05-11,2026,Q2,5,May,11,Monday
20260512,2026-05-12,2026,Q2,5,May,12,Tuesday
20260513,2026-05-13,2026,Q2,5,May,13,Wednesday
20260514,2026-05-14,2026,Q2,5,May,14,Thursday
20260515,2026-05-15,2026,Q2,5,May,15,Friday
20260516,2026-05-16,2026,Q2,5,May,16,Saturday
20260517,2026-05-17,2026,Q2,5,May,17,Sunday
20260518,2026-05-18,2026,Q2,5,May,18,Monday
20260519,2026-05-19,2026,Q2,5,May,19,Tuesday
20260520,2026-05-20,2026,Q2,5,May,20,Wednesday
20260521,2026-05-21,2026,Q2,5,May,21,Thursday
20260522,2026-05-22,2026,Q2,5,May,22,Friday
20260523,2026-05-23,2026,Q2,5,May,23,Saturday
20260524,2026-05-24,2026,Q2,5,May,24,Sunday
20260525,2026-05-25,2026,Q2,5,May,25,Monday
20260526,2026-05-26,2026,Q2,5,May,26,Tuesday
20260527,2026-05-27,2026,Q2,5,May,27,Wednesday
20260528,2026-05-28,2026,Q2,5,May,28,Thursday
20260529,2026-05-29,2026,Q2,5,May,29,Friday
20260530,2026-05-30,2026,Q2,5,May,30,Saturday
20260531,2026-05-31,2026,Q2,5,May,31,Sunday
20260601,2026-06-01,2026,Q2,6,June,1,Monday
20260602,2026-06-02,2026,Q2,6,June,2,Tuesday
20260603,2026-06-03,2026,Q2,6,June,3,Wednesday
20260604,2026-06-04,2026,Q2,6,June,4,Thursday
20260605,2026-06-05,2026,Q2,6,June,5,Friday
20260606,2026-06-06,2026,Q2,6,June,6,Saturday
20260607,2026-06-07,2026,Q2,6,June,7,Sunday
20260608,2026-06-08,2026,Q2,6,June,8,Monday
20260609,2026-06-09,2026,Q2,6,June,9,Tuesday
20260610,2026-06-10,2026,Q2,6,June,10,Wednesday
20260611,2026-06-11,2026,Q2,6,June,11,Thursday
20260612,2026-06-12,2026,Q2,6,June,12,Friday
20260613,2026-06-13,2026,Q2,6,June,13,Saturday
20260614,2026-06-14,2026,Q2,6,June,14,Sunday
20260615,2026-06-15,2026,Q2,6,June,15,Monday
20260616,2026-06-16,2026,Q2,6,June,16,Tuesday
20260617,2026-06-17,2026,Q2,6,June,17,Wednesday
20260618,2026-06-18,2026,Q2,6,June,18,Thursday
20260619,2026-06-19,2026,Q2,6,June,19,Friday
20260620,2026-06-20,2026,Q2,6,June,20,Saturday
20260621,2026-06-21,2026,Q2,6,June,21,Sunday
20260622,2026-06-22,2026,Q2,6,June,22,Monday
20260623,2026-06-23,2026,Q2,6,June,23,Tuesday
20260624,2026-06-24,2026,Q2,6,June,24,Wednesday
20260625,2026-06-25,2026,Q2,6,June,25,Thursday
20260626,2026-06-26,2026,Q2,6,June,26,Friday
20260627,2026-06-27,2026,Q2,6,June,27,Saturday
20260628,2026-06-28,2026,Q2,6,June,28,Sunday
20260629,2026-06-29,2026,Q2,6,June,29,Monday
20260630,2026-06-30,2026,Q2,6,June,30,Tuesday
20260701,2026-07-01,2026,Q3,7,July,1,Wednesday
20260702,2026-07-02,2026,Q3,7,July,2,Thursday
20260703,2026-07-03,2026,Q3,7,July,3,Friday
20260704,2026-07-04,2026,Q3,7,July,4,Saturday
20260705,2026-07-05,2026,Q3,7,July,5,Sunday
20260706,2026-07-06,2026,Q3,7,July,6,Monday
20260707,2026-07-07,2026,Q3,7,July,7,Tuesday
20260708,2026-07-08,2026,Q3,7,July,8,Wednesday
20260709,2026-07-09,2026,Q3,7,July,9,Thursday
20260710,2026-07-10,2026,Q3,7,July,10,Friday
20260711,2026-07-11,2026,Q3,7,July,11,Saturday
20260712,2026-07-12,2026,Q3,7,July,12,Sunday
20260713,2026-07-13,2026,Q3,7,July,13,Monday
20260714,2026-07-14,2026,Q3,7,July,14,Tuesday
20260715,2026-07-15,2026,Q3,7,July,15,Wednesday
20260716,2026-07-16,2026,Q3,7,July,16,Thursday
20260717,2026-07-17,2026,Q3,7,July,17,Friday
20260718,2026-07-18,2026,Q3,7,July,18,Saturday
20260719,2026-07-19,2026,Q3,7,July,19,Sunday
20260720,2026-07-20,2026,Q3,7,July,20,Monday
20260721,2026-07-21,2026,Q3,7,July,21,Tuesday
20260722,2026-07-22,2026,Q3,7,July,22,Wednesday
20260723,2026-07-23,2026,Q3,7,July,23,Thursday
20260724,2026-07-24,2026,Q3,7,July,24,Friday
20260725,2026-07-25,2026,Q3,7,July,25,Saturday
20260726,2026-07-26,2026,Q3,7,July,26,Sunday
20260727,2026-07-27,2026,Q3,7,July,27,Monday
20260728,2026-07-28,2026,Q3,7,July,28,Tuesday
20260729,2026-07-29,2026,Q3,7,July,29,Wednesday
20260730,2026-07-30,2026,Q3,7,July,30,Thursday
20260731,2026-07-31,2026,Q3,7,July,31,Friday
20260801,2026-08-01,2026,Q3,8,August,1,Saturday
20260802,2026-08-02,2026,Q3,8,August,2,Sunday
20260803,2026-08-03,2026,Q3,8,August,3,Monday
20260804,2026-08-04,2026,Q3,8,August,4,Tuesday
20260805,2026-08-05,2026,Q3,8,August,5,Wednesday
20260806,2026-08-06,2026,Q3,8,August,6,Thursday
20260807,2026-08-07,2026,Q3,8,August,7,Friday
20260808,2026-08-08,2026,Q3,8,August,8,Saturday
20260809,2026-08-09,2026,Q3,8,August,9,Sunday
20260810,2026-08-10,2026,Q3,8,August,10,Monday
20260811,2026-08-11,2026,Q3,8,August,11,Tuesday
20260812,2026-08-12,2026,Q3,8,August,12,Wednesday
20260813,2026-08-13,2026,Q3,8,August,13,Thursday
20260814,2026-08-14,2026,Q3,8,August,14,Friday
20260815,2026-08-15,2026,Q3,8,August,15,Saturday
20260816,2026-08-16,2026,Q3,8,August,16,Sunday
20260817,2026-08-17,2026,Q3,8,August,17,Monday
20260818,2026-08-18,2026,Q3,8,August,18,Tuesday
20260819,2026-08-19,2026,Q3,8,August,19,Wednesday
20260820,2026-08-20,2026,Q3,8,August,20,Thursday
20260821,2026-08-21,2026,Q3,8,August,21,Friday
20260822,2026-08-22,2026,Q3,8,August,22,Saturday
20260823,2026-08-23,2026,Q3,8,August,23,Sunday
20260824,2026-08-24,2026,Q3,8,August,24,Monday
20260825,2026-08-25,2026,Q3,8,August,25,Tuesday
20260826,2026-08-26,2026,Q3,8,August,26,Wednesday
20260827,2026-08-27,2026,Q3,8,August,27,Thursday
20260828,2026-08-28,2026,Q3,8,August,28,Friday
20260829,2026-08-29,2026,Q3,8,August,29,Saturday
20260830,2026-08-30,2026,Q3,8,August,30,Sunday
20260831,2026-08-31,2026,Q3,8,August,31,Monday
20260901,2026-09-01,2026,Q3,9,September,1,Tuesday
20260902,2026-09-02,2026,Q3,9,September,2,Wednesday
20260903,2026-09-03,2026,Q3,9,September,3,Thursday
20260904,2026-09-04,2026,Q3,9,September,4,Friday
20260905,2026-09-05,2026,Q3,9,September,5,Saturday
20260906,2026-09-06,2026,Q3,9,September,6,Sunday
20260907,2026-09-07,2026,Q3,9,September,7,Monday
20260908,2026-09-08,2026,Q3,9,September,8,Tuesday
20260909,2026-09-09,2026,Q3,9,September,9,Wednesday
20260910,2026-09-10,2026,Q3,9,September,10,Thursday
20260911,2026-09-11,2026,Q3,9,September,11,Friday
20260912,2026-09-12,2026,Q3,9,September,12,Saturday
20260913,2026-09-13,2026,Q3,9,September,13,Sunday
20260914,2026-09-14,2026,Q3,9,September,14,Monday
20260915,2026-09-15,2026,Q3,9,September,15,Tuesday
20260916,2026-09-16,2026,Q3,9,September,16,Wednesday
20260917,2026-09-17,2026,Q3,9,September,17,Thursday
20260918,2026-09-18,2026,Q3,9,September,18,Friday
20260919,2026-09-19,2026,Q3,9,September,19,Saturday
20260920,2026-09-20,2026,Q3,9,September,20,Sunday
20260921,2026-09-21,2026,Q3,9,September,21,Monday
20260922,2026-09-22,2026,Q3,9,September,22,Tuesday
20260923,2026-09-23,2026,Q3,9,September,23,Wednesday
20260924,2026-09-24,2026,Q3,9,September,24,Thursday
20260925,2026-09-25,2026,Q3,9,September,25,Friday
20260926,2026-09-26,2026,Q3,9,September,26,Saturday
20260927,2026-09-27,2026,Q3,9,September,27,Sunday
20260928,2026-09-28,2026,Q3,9,September,28,Monday
20260929,2026-09-29,2026,Q3,9,September,29,Tuesday
20260930,2026-09-30,2026,Q3,9,September,30,Wednesday
20261001,2026-10-01,2026,Q4,10,October,1,Thursday
20261002,2026-10-02,2026,Q4,10,October,2,Friday
20261003,2026-10-03,2026,Q4,10,October,3,Saturday
20261004,2026-10-04,2026,Q4,10,October,4,Sunday
20261005,2026-10-05,2026,Q4,10,October,5,Monday
20261006,2026-10-06,2026,Q4,10,October,6,Tuesday
20261007,2026-10-07,2026,Q4,10,October,7,Wednesday
20261008,2026-10-08,2026,Q4,10,October,8,Thursday
20261009,2026-10-09,2026,Q4,10,October,9,Friday
20261010,2026-10-10,2026,Q4,10,October,10,Saturday
20261011,2026-10-11,2026,Q4,10,October,11,Sunday
20261012,2026-10-12,2026,Q4,10,October,12,Monday
20261013,2026-10-13,2026,Q4,10,October,13,Tuesday
20261014,2026-10-14,2026,Q4,10,October,14,Wednesday
20261015,2026-10-15,2026,Q4,10,October,15,Thursday
20261016,2026-10-16,2026,Q4,10,October,16,Friday
20261017,2026-10-17,2026,Q4,10,October,17,Saturday
20261018,2026-10-18,2026,Q4,10,October,18,Sunday
20261019,2026-10-19,2026,Q4,10,October,19,Monday
20261020,2026-10-20,2026,Q4,10,October,20,Tuesday
20261021,2026-10-21,2026,Q4,10,October,21,Wednesday
20261022,2026-10-22,2026,Q4,10,October,22,Thursday
20261023,2026-10-23,2026,Q4,10,October,23,Friday
20261024,2026-10-24,2026,Q4,10,October,24,Saturday
20261025,2026-10-25,2026,Q4,10,October,25,Sunday
20261026,2026-10-26,2026,Q4,10,October,26,Monday
20261027,2026-10-27,2026,Q4,10,October,27,Tuesday
20261028,2026-10-28,2026,Q4,10,October,28,Wednesday
20261029,2026-10-29,2026,Q4,10,October,29,Thursday
20261030,2026-10-30,2026,Q4,10,October,30,Friday
20261031,2026-10-31,2026,Q4,10,October,31,Saturday
20261101,2026-11-01,2026,Q4,11,November,1,Sunday
20261102,2026-11-02,2026,Q4,11,November,2,Monday
20261103,2026-11-03,2026,Q4,11,November,3,Tuesday
20261104,2026-11-04,2026,Q4,11,November,4,Wednesday
20261105,2026-11-05,2026,Q4,11,November,5,Thursday
20261106,2026-11-06,2026,Q4,11,November,6,Friday
20261107,2026-11-07,2026,Q4,11,November,7,Saturday
20261108,2026-11-08,2026,Q4,11,November,8,Sunday
20261109,2026-11-09,2026,Q4,11,November,9,Monday
20261110,2026-11-10,2026,Q4,11,November,10,Tuesday
20261111,2026-11-11,2026,Q4,11,November,11,Wednesday
20261112,2026-11-12,2026,Q4,11,November,12,Thursday
20261113,2026-11-13,2026,Q4,11,November,13,Friday
20261114,2026-11-14,2026,Q4,11,November,14,Saturday
20261115,2026-11-15,2026,Q4,11,November,15,Sunday
20261116,2026-11-16,2026,Q4,11,November,16,Monday
20261117,2026-11-17,2026,Q4,11,November,17,Tuesday
20261118,2026-11-18,2026,Q4,11,November,18,Wednesday
20261119,2026-11-19,2026,Q4,11,November,19,Thursday
20261120,2026-11-20,2026,Q4,11,November,20,Friday
20261121,2026-11-21,2026,Q4,11,November,21,Saturday
20261122,2026-11-22,2026,Q4,11,November,22,Sunday
20261123,2026-11-23,2026,Q4,11,November,23,Monday
20261124,2026-11-24,2026,Q4,11,November,24,Tuesday
20261125,2026-11-25,2026,Q4,11,November,25,Wednesday
20261126,2026-11-26,2026,Q4,11,November,26,Thursday
20261127,2026-11-27,2026,Q4,11,November,27,Friday
20261128,2026-11-28,2026,Q4,11,November,28,Saturday
20261129,2026-11-29,2026,Q4,11,November,29,Sunday
20261130,2026-11-30,2026,Q4,11,November,30,Monday
20261201,2026-12-01,2026,Q4,12,December,1,Tuesday
20261202,2026-12-02,2026,Q4,12,December,2,Wednesday
20261203,2026-12-03,2026,Q4,12,December,3,Thursday
20261204,2026-12-04,2026,Q4,12,December,4,Friday
20261205,2026-12-05,2026,Q4,12,December,5,Saturday
20261206,2026-12-06,2026,Q4,12,December,6,Sunday
20261207,2026-12-07,2026,Q4,12,December,7,Monday
20261208,2026-12-08,2026,Q4,12,December,8,Tuesday
20261209,2026-12-09,2026,Q4,12,December,9,Wednesday
20261210,2026-12-10,2026,Q4,12,December,10,Thursday
20261211,2026-12-11,2026,Q4,12,December,11,Friday
20261212,2026-12-12,2026,Q4,12,December,12,Saturday
20261213,2026-12-13,2026,Q4,12,December,13,Sunday
20261214,2026-12-14,2026,Q4,12,December,14,Monday
20261215,2026-12-15,2026,Q4,12,December,15,Tuesday
20261216,2026-12-16,2026,Q4,12,December,16,Wednesday
20261217,2026-12-17,2026,Q4,12,December,17,Thursday
20261218,2026-12-18,2026,Q4,12,December,18,Friday
20261219,2026-12-19,2026,Q4,12,December,19,Saturday
20261220,2026-12-20,2026,Q4,12,December,20,Sunday
20261221,2026-12-21,2026,Q4,12,December,21,Monday
20261222,2026-12-22,2026,Q4,12,December,22,Tuesday
20261223,2026-12-23,2026,Q4,12,December,23,Wednesday
20261224,2026-12-24,2026,Q4,12,December,24,Thursday
20261225,2026-12-25,2026,Q4,12,December,25,Friday
20261226,2026-12-26,2026,Q4,12,December,26,Saturday
20261227,2026-12-27,2026,Q4,12,December,27,Sunday
20261228,2026-12-28,2026,Q4,12,December,28,Monday
20261229,2026-12-29,2026,Q4,12,December,29,Tuesday
20261230,2026-12-30,2026,Q4,12,December,30,Wednesday
20261231,2026-12-31,2026,Q4,12,December,31,Thursday
